ZZ1,(구)오산경찰서.화성경찰서,"(ZZ455,1),(ZZ480,2)"
ZZ2,2001아울렛,"(ZZ307,1),(ZZ2,1),(ZZ632,1),(ZZ16,1),(ZZ307,1),(ZZ428,1),(ZZ118,1),(ZZ307,1),(ZZ118,1),(ZZ307,1),(ZZ307,1),(ZZ428,1),(ZZ307,1),(ZZ428,1),(ZZ118,1),(ZZ307,1),(ZZ2,1),(ZZ595,1),(ZZ2,1),(ZZ508,1),(ZZ307,2),(ZZ428,2),(ZZ118,2),(ZZ307,1),(ZZ307,2),(ZZ428,1),(ZZ118,2),(ZZ307,1),(ZZ307,1),(ZZ428,2),(ZZ118,2),(ZZ307,1)"
ZZ3,e편한세상,"(ZZ258,1),(ZZ162,1),(ZZ258,1),(ZZ162,1),(ZZ258,1),(ZZ162,1)"
ZZ4,GS아파트.천천푸르지오,"(ZZ564,1),(ZZ510,1)"
ZZ5,IT단지(중),"(ZZ615,2),(ZZ5,1),(ZZ265,1),(ZZ5,2),(ZZ615,3),(ZZ265,2),(ZZ265,2),(ZZ615,3),(ZZ265,2),(ZZ615,3),(ZZ615,3),(ZZ265,2)"
ZZ6,KB손해보험인재니움,"(ZZ349,1),(ZZ524,1),(ZZ56,1),(ZZ613,1)"
ZZ7,KT남수원지사,"(ZZ94,3),(ZZ354,3),(ZZ354,4),(ZZ94,2)"
ZZ8,KT동수원지사,"(ZZ76,1),(ZZ116,1),(ZZ116,1),(ZZ76,1),(ZZ116,1),(ZZ76,1),(ZZ76,1),(ZZ116,1)"
ZZ9,KT수원지사.국민연금북수원지사,"(ZZ376,1),(ZZ374,1),(ZZ524,1),(ZZ377,1),(ZZ376,1),(ZZ374,2),(ZZ524,1),(ZZ377,1),(ZZ9,1),(ZZ377,1),(ZZ524,2),(ZZ338,2),(ZZ338,3),(ZZ374,3),(ZZ337,3),(ZZ374,3)"
ZZ10,LG빌리지1차.와이씨티칠보마을6단지아파트,"(ZZ219,1),(ZZ10,1),(ZZ219,1),(ZZ12,1),(ZZ12,1),(ZZ10,1),(ZZ12,1),(ZZ10,1),(ZZ10,1),(ZZ515,1),(ZZ12,2),(ZZ26,2)"
ZZ11,LG빌리지2차.호매실역서희스타힐스,"(ZZ26,1),(ZZ458,1),(ZZ458,2),(ZZ11,2),(ZZ458,2),(ZZ11,1)"
ZZ12,LG빌리지3차.모아미래도아파트,"(ZZ577,1),(ZZ12,1),(ZZ577,1),(ZZ219,1),(ZZ219,1),(ZZ12,1),(ZZ219,1),(ZZ12,1),(ZZ12,1),(ZZ26,1),(ZZ219,2),(ZZ10,2)"
ZZ13,SK스카이뷰.SK아트리움,"(ZZ593,2),(ZZ499,2),(ZZ250,2),(ZZ499,2),(ZZ250,2),(ZZ593,1),(ZZ498,1),(ZZ498,1),(ZZ250,1),(ZZ593,1),(ZZ498,1)"
ZZ14,SK아파트,"(ZZ74,1),(ZZ603,1),(ZZ74,1),(ZZ635,1)"
ZZ15,가온마을4단지.수원KT소닉붐아레나.서수원칠보체육관,"(ZZ650,1),(ZZ15,1),(ZZ650,1),(ZZ106,1),(ZZ106,2),(ZZ15,1),(ZZ15,1),(ZZ219,1),(ZZ106,1),(ZZ577,1),(ZZ106,1),(ZZ577,1)"
ZZ16,가족여성회관.이춘택병원.수원농협,"(ZZ200,1),(ZZ632,2),(ZZ200,1),(ZZ326,1),(ZZ632,1),(ZZ193,1),(ZZ632,3),(ZZ118,3),(ZZ632,2),(ZZ193,3)"
ZZ17,가족여성회관.이춘택병원.해움미술관.수원농협,"(ZZ595,2),(ZZ632,1),(ZZ428,1),(ZZ17,1),(ZZ505,2),(ZZ632,1),(ZZ428,2),(ZZ632,2),(ZZ505,2),(ZZ632,1)"
ZZ18,갈현마을.현대홈타운,"(ZZ110,1),(ZZ419,1)"
ZZ19,개나리공원,"(ZZ19,1),(ZZ126,1),(ZZ619,1),(ZZ503,1),(ZZ503,1),(ZZ620,1),(ZZ619,1),(ZZ503,1)"
ZZ20,경기남부경찰청.봉녕사입구,"(ZZ492,1),(ZZ20,2),(ZZ24,1),(ZZ20,1),(ZZ492,1),(ZZ24,1)"
ZZ21,경기남부보훈지청.경기도교육청,"(ZZ246,1),(ZZ349,1),(ZZ524,1),(ZZ346,1),(ZZ424,1),(ZZ21,1),(ZZ346,1),(ZZ246,1),(ZZ424,1),(ZZ238,1),(ZZ424,1),(ZZ238,1)"
ZZ22,경기대명고등학교,"(ZZ134,1),(ZZ22,1)"
ZZ23,경기대수원캠퍼스입구.연무시장,"(ZZ21,1),(ZZ247,1),(ZZ247,1),(ZZ25,1)"
ZZ24,경기대수원캠퍼스후문.수원박물관,"(ZZ20,2),(ZZ24,3),(ZZ601,3),(ZZ24,1),(ZZ20,1),(ZZ559,1)"
ZZ25,경기대정문,"(ZZ23,1),(ZZ56,1)"
ZZ26,경기도건설본부.경기도동물위생시험소.칠보마을7단지,"(ZZ12,1),(ZZ26,2),(ZZ12,1),(ZZ10,1),(ZZ372,1),(ZZ624,1),(ZZ624,3),(ZZ26,2),(ZZ10,1),(ZZ26,1),(ZZ624,3),(ZZ26,2),(ZZ10,1),(ZZ26,2),(ZZ26,1),(ZZ642,1),(ZZ10,2),(ZZ515,2)"
ZZ27,경기도경제과학진흥원,"(ZZ64,1),(ZZ27,1),(ZZ560,1),(ZZ666,1)"
ZZ28,경기도기숙사.수원유스호스텔.농업유전자원센터,"(ZZ301,1),(ZZ35,1)"
ZZ29,경기도립수원의료원.두견마을,"(ZZ520,1),(ZZ658,1),(ZZ170,1),(ZZ520,1)"
ZZ30,경기도여성능력개발센터,"(ZZ77,1),(ZZ464,1)"
ZZ31,경기도인재개발원.경기연구원.경기도평생교육진흥원.경기도여성가족재단,"(ZZ592,2),(ZZ88,1),(ZZ273,1),(ZZ556,1),(ZZ592,2),(ZZ88,1),(ZZ273,1),(ZZ556,2)"
ZZ32,경기도청오거리,"(ZZ326,1),(ZZ309,1),(ZZ326,1),(ZZ309,1)"
ZZ33,경기동부보훈지청,"(ZZ78,1),(ZZ427,1),(ZZ427,1),(ZZ77,1)"
ZZ34,경기문화재단.매탄주공4.5단지,"(ZZ124,1),(ZZ212,1),(ZZ124,2),(ZZ212,2),(ZZ123,1),(ZZ517,1),(ZZ123,2),(ZZ212,1),(ZZ124,1),(ZZ212,1),(ZZ123,1),(ZZ262,1)"
ZZ35,경기상상캠퍼스.푸른지대,"(ZZ586,1),(ZZ122,1),(ZZ28,1),(ZZ588,1)"
ZZ36,경기소방본부,"(ZZ597,2),(ZZ513,2),(ZZ514,3),(ZZ598,2),(ZZ597,2),(ZZ513,2),(ZZ514,4),(ZZ598,2),(ZZ597,1),(ZZ513,2),(ZZ514,1),(ZZ598,2)"
ZZ37,경기아트센터.매탄위브하늘채,"(ZZ215,1),(ZZ355,1),(ZZ517,2),(ZZ355,2),(ZZ517,1),(ZZ514,2),(ZZ517,2),(ZZ514,2),(ZZ517,1),(ZZ514,1)"
ZZ38,경기일보.한일타운,"(ZZ382,1),(ZZ526,1),(ZZ382,2),(ZZ526,1),(ZZ38,1),(ZZ341,1),(ZZ426,1),(ZZ526,1),(ZZ426,1),(ZZ526,1)"
ZZ39,경기중앙지방변호사회관,"(ZZ66,1),(ZZ62,1),(ZZ60,3),(ZZ39,1),(ZZ60,2),(ZZ71,1),(ZZ259,1),(ZZ71,1)"
ZZ40,경희대정문,"(ZZ429,1),(ZZ460,1)"
ZZ41,경희대체육대학.외대,"(ZZ295,2),(ZZ42,3)"
ZZ42,경희대학교,"(ZZ41,3),(ZZ429,2)"
ZZ43,고등동구터미널,"(ZZ366,1),(ZZ44,1),(ZZ366,3),(ZZ44,1)"
ZZ44,고등동사거리,"(ZZ43,1),(ZZ365,1),(ZZ43,1)"
ZZ45,고등동사거리.고등동행정복지센터,"(ZZ364,1),(ZZ46,1),(ZZ364,1),(ZZ46,3)"
ZZ46,고등동삼거리,"(ZZ45,1),(ZZ363,1),(ZZ45,3),(ZZ367,4)"
ZZ47,고색동태산아파트.도로교통관리사업소,"(ZZ298,3),(ZZ468,1)"
ZZ48,고색체육공원,"(ZZ171,1),(ZZ468,1)"
ZZ49,곡반정동입구,"(ZZ143,1),(ZZ92,1),(ZZ143,1),(ZZ92,1)"
ZZ50,곡반정동차고지,"(ZZ622,1),(ZZ622,2),(ZZ89,1),(ZZ622,3),(ZZ89,1),(ZZ622,1),(ZZ89,1),(ZZ622,2)"
ZZ51,곡반중학교,"(ZZ363,1),(ZZ51,1),(ZZ363,1),(ZZ351,1)"
ZZ52,곡반중학교.수원아이파크,"(ZZ275,1),(ZZ303,1),(ZZ275,3),(ZZ303,3),(ZZ363,3),(ZZ276,1),(ZZ275,1),(ZZ466,3),(ZZ141,2),(ZZ276,1),(ZZ275,1),(ZZ466,1),(ZZ141,1),(ZZ276,1),(ZZ363,1),(ZZ276,1),(ZZ275,1),(ZZ303,1)"
ZZ53,곡반초등학교,"(ZZ173,1),(ZZ53,1),(ZZ173,1),(ZZ303,1)"
ZZ54,곡선새마을금고.권선자이e편한세상,"(ZZ95,1),(ZZ120,1)"
ZZ55,곡정고.수원아이파크시티7단지아파트,"(ZZ410,5),(ZZ320,5),(ZZ314,3),(ZZ410,2)"
ZZ56,광교공원.경기대수원캠퍼스입구.연무시장,"(ZZ58,3),(ZZ247,1),(ZZ25,1),(ZZ6,1)"
ZZ57,광교산,"(ZZ279,1),(ZZ289,1)"
ZZ58,광교산입구.경기대수원캠퍼스,"(ZZ221,2),(ZZ56,3),(ZZ246,1),(ZZ23,2)"
ZZ59,광교산종점,"(ZZ281,1),(ZZ289,1)"
ZZ60,광교센트럴타운60단지.힐스테이트레이크,"(ZZ380,2),(ZZ60,3),(ZZ61,1),(ZZ60,1),(ZZ71,1),(ZZ380,1),(ZZ380,1),(ZZ39,2)"
ZZ61,광교센트럴타운62단지.힐스테이트레이크,"(ZZ491,1),(ZZ61,1),(ZZ491,1),(ZZ423,1)"
ZZ62,광교오드카운티,"(ZZ259,1),(ZZ62,1),(ZZ64,1),(ZZ425,1),(ZZ66,1),(ZZ259,1)"
ZZ63,광교중앙.아주대역환승센터,"(ZZ559,2),(ZZ63,2),(ZZ380,1),(ZZ63,2)"
ZZ64,광교중앙역.광교고등학교,"(ZZ425,1),(ZZ64,1),(ZZ666,1),(ZZ371,1),(ZZ559,1),(ZZ425,1)"
ZZ65,광교지웰홈스.광교마을40단지,"(ZZ155,3),(ZZ65,1),(ZZ285,1),(ZZ286,2),(ZZ155,1),(ZZ284,1),(ZZ284,1),(ZZ352,1)"
ZZ66,광교카페거리.대림e편한세상,"(ZZ62,1),(ZZ66,1),(ZZ27,1),(ZZ64,1),(ZZ425,1),(ZZ62,1)"
ZZ67,광교호반베르디움,"(ZZ68,1),(ZZ116,1),(ZZ68,1),(ZZ116,1)"
ZZ68,광교호수공원입구.원천교사거리,"(ZZ116,1),(ZZ488,1),(ZZ488,1),(ZZ67,1),(ZZ488,1),(ZZ67,1),(ZZ116,1),(ZZ488,1)"
ZZ69,광교휴먼시아32단지,"(ZZ285,1),(ZZ69,1),(ZZ285,1),(ZZ71,1)"
ZZ70,광교휴먼시아32단지.이의고교,"(ZZ259,1),(ZZ39,1),(ZZ71,1),(ZZ70,1),(ZZ71,1),(ZZ285,1),(ZZ71,1),(ZZ285,1)"
ZZ71,광교휴먼시아32단지정문,"(ZZ69,1),(ZZ71,1),(ZZ62,1),(ZZ259,1),(ZZ39,1),(ZZ71,1),(ZZ69,1),(ZZ60,1),(ZZ39,1),(ZZ70,1),(ZZ39,1),(ZZ70,1)"
ZZ72,괘랑2리.차운혁충신정려문,"(ZZ292,1),(ZZ256,1),(ZZ256,1),(ZZ292,1)"
ZZ73,교육청사거리,"(ZZ594,1),(ZZ524,1),(ZZ524,1),(ZZ346,1)"
ZZ74,교통공원,"(ZZ476,1),(ZZ14,1),(ZZ476,1),(ZZ14,1)"
ZZ75,구매탄시장입구.현대힐스테이트아파트,"(ZZ504,1),(ZZ413,1),(ZZ504,1),(ZZ413,1),(ZZ75,1),(ZZ210,1),(ZZ504,2),(ZZ413,1),(ZZ504,1),(ZZ413,2),(ZZ504,1),(ZZ413,1)"
ZZ76,구법원사거리,"(ZZ413,1),(ZZ8,1),(ZZ8,1),(ZZ414,1),(ZZ8,1),(ZZ414,1),(ZZ413,1),(ZZ8,1),(ZZ76,3),(ZZ470,1),(ZZ202,1),(ZZ415,1),(ZZ202,3),(ZZ414,2),(ZZ413,1),(ZZ210,1),(ZZ202,3),(ZZ414,2),(ZZ413,2),(ZZ210,3),(ZZ202,3),(ZZ414,3),(ZZ413,1),(ZZ210,2),(ZZ413,1),(ZZ210,1),(ZZ202,1),(ZZ415,1),(ZZ413,1),(ZZ210,1),(ZZ202,1),(ZZ415,1)"
ZZ77,구성사거리,"(ZZ33,1),(ZZ30,1)"
ZZ78,구성사거리.여성능력개발센터,"(ZZ464,1),(ZZ33,1)"
ZZ79,구운동,"(ZZ79,1),(ZZ399,1),(ZZ84,1),(ZZ300,1),(ZZ121,1),(ZZ84,1),(ZZ84,1),(ZZ300,1),(ZZ121,2),(ZZ84,2)"
ZZ80,구운동강남아파트,"(ZZ650,1),(ZZ80,4),(ZZ86,1),(ZZ81,2),(ZZ86,1),(ZZ81,2)"
ZZ81,구운동삼환아파트,"(ZZ80,4),(ZZ81,1),(ZZ583,1),(ZZ81,1),(ZZ327,1),(ZZ566,1),(ZZ80,2),(ZZ494,2),(ZZ494,2),(ZZ82,1),(ZZ80,2),(ZZ494,3),(ZZ494,2),(ZZ82,1)"
ZZ82,구운동성원아파트.일월먹거리촌,"(ZZ81,1),(ZZ82,4),(ZZ81,1),(ZZ86,1),(ZZ81,1),(ZZ86,1)"
ZZ83,구운동주민센터.서수원도서관,"(ZZ87,1),(ZZ83,1),(ZZ272,2),(ZZ83,2),(ZZ87,1),(ZZ589,1),(ZZ580,1),(ZZ647,1),(ZZ589,1),(ZZ83,1),(ZZ647,1),(ZZ83,1),(ZZ589,2),(ZZ646,1),(ZZ647,2),(ZZ589,1)"
ZZ84,구운동하이마트,"(ZZ84,1),(ZZ305,1),(ZZ647,2),(ZZ79,1),(ZZ79,1),(ZZ646,2),(ZZ587,2),(ZZ79,1),(ZZ79,2),(ZZ587,4)"
ZZ85,구운사거리,"(ZZ85,1),(ZZ105,1),(ZZ300,1),(ZZ267,1),(ZZ262,1),(ZZ121,1),(ZZ300,2),(ZZ267,2),(ZZ262,2),(ZZ121,1)"
ZZ86,구운오거리.경기중소기업성장지원센터,"(ZZ483,1),(ZZ80,1),(ZZ82,1),(ZZ483,2),(ZZ483,1),(ZZ80,1),(ZZ82,1),(ZZ483,2)"
ZZ87,구운중학교,"(ZZ577,2),(ZZ87,1),(ZZ83,1),(ZZ87,2),(ZZ653,2),(ZZ144,1),(ZZ83,1),(ZZ589,2),(ZZ144,2),(ZZ87,1),(ZZ589,1),(ZZ87,2),(ZZ144,2),(ZZ589,2),(ZZ589,2),(ZZ144,3)"
ZZ88,국세청삼거리.아주편한병원,"(ZZ31,1),(ZZ249,1),(ZZ31,1),(ZZ249,1)"
ZZ89,권선2동성당,"(ZZ575,1),(ZZ303,1),(ZZ622,1),(ZZ50,1),(ZZ622,1),(ZZ50,1),(ZZ622,1),(ZZ50,1)"
ZZ90,권선구청,"(ZZ618,1),(ZZ91,5),(ZZ298,1),(ZZ618,1)"
ZZ91,권선구청.한봄고등학교,"(ZZ90,5),(ZZ474,4),(ZZ146,4),(ZZ587,4)"
ZZ92,권선동,"(ZZ314,3),(ZZ253,1),(ZZ49,1),(ZZ320,2),(ZZ314,2),(ZZ253,1),(ZZ49,1),(ZZ320,1)"
ZZ93,권선보성.두산동아.신우아파트,"(ZZ97,1),(ZZ363,1),(ZZ303,1),(ZZ119,1)"
ZZ94,권선사거리.SK뷰아파트,"(ZZ312,3),(ZZ7,3),(ZZ7,2),(ZZ312,1)"
ZZ95,권선시장앞,"(ZZ312,1),(ZZ54,1)"
ZZ96,권선아파트,"(ZZ359,1),(ZZ616,1)"
ZZ97,권선자이.e편한세상,"(ZZ120,1),(ZZ93,1)"
ZZ98,권선초교,"(ZZ354,1),(ZZ590,1),(ZZ354,1),(ZZ590,1)"
ZZ99,권선초등학교,"(ZZ590,1),(ZZ354,2),(ZZ590,1),(ZZ354,2)"
ZZ100,궐리사.대우아파트,"(ZZ140,1),(ZZ139,1),(ZZ139,2),(ZZ140,1)"
ZZ101,그대가프리미어아파트.망포역3번출구,"(ZZ190,1),(ZZ101,1),(ZZ190,1),(ZZ187,3),(ZZ190,1),(ZZ187,2),(ZZ101,1),(ZZ158,1),(ZZ190,1),(ZZ591,1),(ZZ189,3),(ZZ591,2),(ZZ476,2),(ZZ591,2),(ZZ189,3),(ZZ591,1)"
ZZ102,그린빌주공5단지,"(ZZ102,1),(ZZ432,1),(ZZ206,1),(ZZ211,1),(ZZ466,1),(ZZ207,1),(ZZ466,1),(ZZ207,1),(ZZ206,1),(ZZ211,1)"
ZZ103,극동아파트,"(ZZ162,1),(ZZ609,1),(ZZ162,2),(ZZ609,2),(ZZ162,1),(ZZ609,1)"
ZZ104,글로벌청소년드림센터,"(ZZ653,1),(ZZ241,1),(ZZ241,1),(ZZ653,1),(ZZ241,1),(ZZ653,1),(ZZ241,1),(ZZ653,1),(ZZ653,1),(ZZ241,2)"
ZZ105,금곡동강남아파트,"(ZZ646,2),(ZZ105,1),(ZZ105,1),(ZZ650,1),(ZZ580,1	),(ZZ271,1),(ZZ650,4),(ZZ271,4),(ZZ580,5),(ZZ271,3)"
ZZ106,금곡동행정복지센터.호매실파출소,"(ZZ271,1),(ZZ106,1),(ZZ580,1),(ZZ650,1),(ZZ581,1),(ZZ579,1),(ZZ579,1),(ZZ106,2),(ZZ650,1),(ZZ106,2),(ZZ106,1),(ZZ577,1),(ZZ650,1),(ZZ15,1),(ZZ579,1),(ZZ650,3),(ZZ650,1),(ZZ15,1)"
ZZ107,금성아파트.한국1차아파트,"(ZZ162,1),(ZZ490,1),(ZZ162,2),(ZZ490,1),(ZZ162,1),(ZZ490,1)"
ZZ108,금성아파트.한국2차아파트,"(ZZ490,1),(ZZ162,1),(ZZ490,2),(ZZ162,2),(ZZ490,1),(ZZ162,1)"
ZZ109,금호아파트.성원아파트,"(ZZ427,1),(ZZ496,1),(ZZ496,1),(ZZ427,1)"
ZZ110,기흥중학교.삼익아파트,"(ZZ485,1),(ZZ18,1),(ZZ419,1),(ZZ484,1)"
ZZ111,꽃뫼신동아아파트,"(ZZ655,1),(ZZ558,1)"
ZZ112,나루고등학교,"(ZZ164,1),(ZZ226,1)"
ZZ113,나루마을.월드반도,"(ZZ168,1),(ZZ393,1)"
ZZ114,나루마을.한화꿈에그린2차,"(ZZ288,1),(ZZ584,1),(ZZ288,1),(ZZ584,1)"
ZZ115,나루마을상가,"(ZZ115,1),(ZZ125,1)"
ZZ116,남부경찰서.성일아파트,"(ZZ8,1),(ZZ68,1),(ZZ67,1),(ZZ8,1),(ZZ67,1),(ZZ8,1),(ZZ8,1),(ZZ68,1)"
ZZ117,남수원초등학교,"(ZZ348,1),(ZZ117,2),(ZZ315,2),(ZZ117,1),(ZZ348,1),(ZZ315,1),(ZZ315,2),(ZZ348,2),(ZZ348,4),(ZZ317,5),(ZZ315,2),(ZZ348,3),(ZZ348,3),(ZZ315,2)"
ZZ118,녹산문고앞,"(ZZ326,1),(ZZ632,1),(ZZ595,1),(ZZ2,1),(ZZ596,1),(ZZ2,1),(ZZ596,1),(ZZ2,1),(ZZ596,4),(ZZ2,2),(ZZ16,3),(ZZ2,2),(ZZ596,3),(ZZ2,2)"
ZZ119,농수산물사거리,"(ZZ93,1),(ZZ120,1)"
ZZ120,농수산물시장,"(ZZ54,1),(ZZ358,1),(ZZ359,1),(ZZ97,1),(ZZ119,1),(ZZ357,1)"
ZZ121,농수산물유통센터,"(ZZ121,1),(ZZ271,1),(ZZ85,1),(ZZ79,1),(ZZ85,1),(ZZ79,2)"
ZZ122,농업유전자원센터.경기도기숙사.수원유스호스텔,"(ZZ35,1),(ZZ301,2)"
ZZ123,뉴코아아울렛,"(ZZ361,1),(ZZ34,1),(ZZ361,1),(ZZ34,2),(ZZ361,1),(ZZ34,1)"
ZZ124,뉴코아아울렛.중소기업은행,"(ZZ506,1),(ZZ34,1),(ZZ506,1),(ZZ34,2),(ZZ506,1),(ZZ34,1)"
ZZ125,능동마을입구,"(ZZ125,2),(ZZ409,1),(ZZ126,1),(ZZ127,1),(ZZ308,1),(ZZ126,1),(ZZ126,1),(ZZ127,1)"
ZZ126,능동주공단지,"(ZZ126,1),(ZZ127,2),(ZZ503,1),(ZZ125,1),(ZZ125,1),(ZZ503,1),(ZZ503,1),(ZZ125,1)"
ZZ127,능리교차로,"(ZZ127,1),(ZZ229,0),(ZZ125,1),(ZZ409,1),(ZZ125,1),(ZZ409,1)"
ZZ128,능실마을15단지.금호어울림아파트,"(ZZ640,1),(ZZ130,1),(ZZ641,4),(ZZ130,2),(ZZ130,4),(ZZ641,2)"
ZZ129,능실마을21단지.수원여대입구,"(ZZ643,2),(ZZ643,1),(ZZ299,4),(ZZ299,2),(ZZ643,1),(ZZ643,1)"
ZZ130,능실초등학교.힐스테이트호매실,"(ZZ353,1),(ZZ640,1),(ZZ130,1),(ZZ128,1),(ZZ641,1),(ZZ130,1),(ZZ640,1),(ZZ130,1),(ZZ128,2),(ZZ640,1),(ZZ640,3),(ZZ128,4)"
ZZ131,다은마을(중),"(ZZ131,1),(ZZ619,1),(ZZ334,1),(ZZ217,1),(ZZ217,1),(ZZ287,1),(ZZ334,1),(ZZ217,1)"
ZZ132,당수동삼정아파트,"(ZZ135,1),(ZZ132,1)"
ZZ133,당수동시민농장,"(ZZ638,2),(ZZ133,2),(ZZ135,1),(ZZ133,2)"
ZZ134,당수동인정.한라.쌍용아파트,"(ZZ132,1),(ZZ134,1)"
ZZ135,당수초등학교.삼정아파트,"(ZZ133,2),(ZZ135,1),(ZZ137,1),(ZZ135,1)"
ZZ136,대광빌리지,"(ZZ555,2),(ZZ220,3),(ZZ220,2),(ZZ555,3),(ZZ220,1),(ZZ555,1),(ZZ555,2),(ZZ220,1)"
ZZ137,대명고등학교,"(ZZ22,1),(ZZ137,1)"
ZZ138,대선초.e편한세상영통2차아파트,"(ZZ187,1),(ZZ635,1),(ZZ635,1),(ZZ332,1)"
ZZ139,대우3차아파트.궐동,"(ZZ100,1),(ZZ454,1),(ZZ454,1),(ZZ100,2)"
ZZ140,대우아파트,"(ZZ452,1),(ZZ100,1),(ZZ100,1),(ZZ452,2)"
ZZ141,대원아파트,"(ZZ598,2),(ZZ52,2),(ZZ598,2),(ZZ303,3),(ZZ598,1),(ZZ52,1)"
ZZ142,대평중학교,"(ZZ142,1),(ZZ475,1),(ZZ535,2),(ZZ149,1),(ZZ149,2),(ZZ535,3),(ZZ149,1),(ZZ603,1),(ZZ603,1),(ZZ149,1)"
ZZ143,대황교.활주로,"(ZZ253,2),(ZZ232,1),(ZZ232,1),(ZZ49,1),(ZZ253,1),(ZZ232,1),(ZZ232,1),(ZZ49,1)"
ZZ144,더함파크,"(ZZ366,3),(ZZ144,2),(ZZ589,2),(ZZ144,3),(ZZ366,3),(ZZ653,2),(ZZ589,2),(ZZ87,3),(ZZ297,1),(ZZ144,2),(ZZ87,2),(ZZ144,1),(ZZ366,7),(ZZ87,2),(ZZ87,3),(ZZ367,5),(ZZ297,2),(ZZ483,2),(ZZ483,1),(ZZ297,1),(ZZ366,5),(ZZ483,2),(ZZ483,3),(ZZ367,4)"
ZZ145,덕신상가,"(ZZ150,1),(ZZ145,1),(ZZ145,1),(ZZ150,1)"
ZZ146,도로교통관리사업소,"(ZZ468,2),(ZZ91,4)"
ZZ147,도체육회관.대림e-편한세상,"(ZZ533,1),(ZZ183,3),(ZZ183,1),(ZZ534,1)"
ZZ148,돌고지,"(ZZ607,1),(ZZ512,1),(ZZ512,1),(ZZ607,1)"
ZZ149,동남보건대학,"(ZZ149,1),(ZZ523,1),(ZZ142,1),(ZZ475,1),(ZZ475,2),(ZZ142,2),(ZZ475,1),(ZZ142,1),(ZZ142,1),(ZZ475,1)"
ZZ150,동남아파트,"(ZZ531,1),(ZZ145,1),(ZZ145,1),(ZZ531,1)"
ZZ151,동남아파트.북수원시장,"(ZZ163,1),(ZZ593,1),(ZZ163,1),(ZZ593,1),(ZZ163,1),(ZZ593,1)"
ZZ152,동문아파트,"(ZZ336,1),(ZZ243,2)"
ZZ153,동문아파트.삼성2차아파트.동부아파트,"(ZZ384,1),(ZZ261,1)"
ZZ154,동보아파트.수지파크푸르지오,"(ZZ176,1),(ZZ633,1),(ZZ633,1),(ZZ176,1)"
ZZ155,동부차고지,"(ZZ352,1),(ZZ155,3),(ZZ352,1),(ZZ65,1)"
ZZ156,동부출장소.병점초등학교,"(ZZ404,1),(ZZ243,1)"
ZZ157,동수원LG빌리지3단지.삼정라츠.늘푸른벽산,"(ZZ192,1),(ZZ402,2),(ZZ192,1),(ZZ402,2),(ZZ192,1),(ZZ402,1)"
ZZ158,동수원LG빌리지3단지.삼정라츠.늘푸린벽산,"(ZZ192,1),(ZZ158,1),(ZZ158,1),(ZZ308,1),(ZZ591,1),(ZZ268,1)"
ZZ159,동수원사거리,"(ZZ344,1),(ZZ159,1),(ZZ344,1),(ZZ307,1),(ZZ344,1),(ZZ307,1),(ZZ344,1),(ZZ307,1),(ZZ159,1),(ZZ2,1),(ZZ344,2),(ZZ307,2),(ZZ344,3),(ZZ307,2),(ZZ344,1),(ZZ307,1)"
ZZ160,동수원세무소.영통역2번출구,"(ZZ429,2),(ZZ440,2)"
ZZ161,동수원우체국.인계래미안노블클래스,"(ZZ214,1),(ZZ507,1),(ZZ214,2),(ZZ507,3),(ZZ214,1),(ZZ507,2)"
ZZ162,동수원중학교.성일아파트.한국1차아파트,"(ZZ108,1),(ZZ103,1),(ZZ3,1),(ZZ107,1),(ZZ108,2),(ZZ103,2),(ZZ3,1),(ZZ107,2),(ZZ3,1),(ZZ107,1),(ZZ108,1),(ZZ103,1)"
ZZ163,동신아파트,"(ZZ183,3),(ZZ151,1),(ZZ250,1),(ZZ183,1),(ZZ250,2),(ZZ603,2),(ZZ603,1),(ZZ151,1),(ZZ250,1),(ZZ540,1),(ZZ540,1),(ZZ151,1)"
ZZ164,동양파라곤,"(ZZ248,1),(ZZ164,1),(ZZ166,1),(ZZ164,1),(ZZ248,1),(ZZ166,1),(ZZ166,1),(ZZ177,1),(ZZ168,1),(ZZ112,1)"
ZZ165,동원고교.해우재입구,"(ZZ497,1),(ZZ556,2),(ZZ497,1),(ZZ500,1),(ZZ497,1),(ZZ235,1)"
ZZ166,동탄1동행정복지센터.헌혈의집,"(ZZ164,1),(ZZ166,1),(ZZ180,1),(ZZ166,1),(ZZ164,1),(ZZ403,1),(ZZ180,1),(ZZ164,1)"
ZZ167,동탄2동행정복지센터,"(ZZ224,1),(ZZ167,1),(ZZ177,1),(ZZ167,1),(ZZ224,2),(ZZ248,1),(ZZ177,2),(ZZ225,2)"
ZZ168,동탄국제고등학교,"(ZZ169,1),(ZZ168,1),(ZZ225,1),(ZZ168,1),(ZZ168,0),(ZZ335,2),(ZZ169,1),(ZZ113,1),(ZZ169,2),(ZZ224,2),(ZZ225,1),(ZZ169,1),(ZZ584,1),(ZZ164,1)"
ZZ169,동탄차고지,"(ZZ168,1),(ZZ168,1),(ZZ169,0),(ZZ168,1),(ZZ168,2),(ZZ168,1),(ZZ158,6)"
ZZ170,두견마을,"(ZZ539,1),(ZZ170,2),(ZZ539,2),(ZZ656,2),(ZZ539,1),(ZZ29,1)"
ZZ171,들바람공원,"(ZZ565,3),(ZZ48,1),(ZZ347,3),(ZZ565,3)"
ZZ172,디지털엠파이어2,"(ZZ172,1),(ZZ394,1),(ZZ186,2),(ZZ237,1),(ZZ186,1),(ZZ237,1)"
ZZ173,래미안영통마크원1단지.영통아이파크캐슬2단지,"(ZZ175,2),(ZZ173,1),(ZZ175,1),(ZZ53,1)"
ZZ174,래미안영통마크원2단지,"(ZZ174,1),(ZZ190,1),(ZZ394,2),(ZZ234,1),(ZZ394,1),(ZZ234,1)"
ZZ175,래미안영통마크원2단지.영통아이파크캐슬1단지,"(ZZ186,1),(ZZ175,2),(ZZ186,1),(ZZ186,1),(ZZ186,1),(ZZ173,1)"
ZZ176,래미안이스트파크.덕윤프라자,"(ZZ550,2),(ZZ154,1),(ZZ154,1),(ZZ465,1)"
ZZ177,롯데캐슬.복합문화센터,"(ZZ164,1),(ZZ177,1),(ZZ164,1),(ZZ167,2)"
ZZ178,롯데캐슬.포스코더샵,"(ZZ467,1),(ZZ181,1)"
ZZ179,롯데캐슬.호반베르디움,"(ZZ629,2),(ZZ330,1)"
ZZ180,롯데케슬정문,"(ZZ446,1),(ZZ180,1),(ZZ446,1),(ZZ166,1)"
ZZ181,린스트라우스.한화,"(ZZ178,1),(ZZ630,3)"
ZZ182,만석공원.만석거삼거리,"(ZZ182,1),(ZZ603,1),(ZZ457,1),(ZZ540,1),(ZZ457,1),(ZZ540,1)"
ZZ183,만석공원.정자초교.벽산아파트,"(ZZ147,3),(ZZ163,3),(ZZ163,1),(ZZ147,1)"
ZZ184,만석공원테니스장,"(ZZ184,1),(ZZ38,1),(ZZ540,1),(ZZ426,1),(ZZ540,1),(ZZ426,1)"
ZZ185,망포1동주민센터.삼정라츠.늘푸른벽산,"(ZZ402,1),(ZZ185,1),(ZZ185,1),(ZZ571,2),(ZZ401,1),(ZZ192,1),(ZZ402,1),(ZZ192,1),(ZZ402,1),(ZZ192,1),(ZZ402,1),(ZZ192,1)"
ZZ186,망포그대가프리미어.쌍용아파트,"(ZZ191,1),(ZZ186,1),(ZZ191,1),(ZZ175,1),(ZZ191,1),(ZZ175,1),(ZZ186,1),(ZZ237,1),(ZZ191,1),(ZZ175,1),(ZZ191,1),(ZZ172,2),(ZZ191,1),(ZZ172,1)"
ZZ187,망포늘푸른벽산아파트후문,"(ZZ101,3),(ZZ430,2),(ZZ101,2),(ZZ138,1)"
ZZ188,망포역1번출구,"(ZZ571,1),(ZZ434,1)"
ZZ189,망포역3번출구.망포그대가프리미어.골든스퀘어,"(ZZ234,2),(ZZ101,3),(ZZ234,2),(ZZ101,3)"
ZZ190,망포역3번출구.망포그대가프리미어.골든스퀘어,"(ZZ234,1),(ZZ190,1),(ZZ234,1),(ZZ101,1),(ZZ234,1),(ZZ101,1),(ZZ190,1),(ZZ591,1),(ZZ234,1),(ZZ101,1)"
ZZ191,망포역4번출구.영통2동행정복지센터,"(ZZ571,2),(ZZ191,1),(ZZ571,1),(ZZ186,1),(ZZ571,1),(ZZ186,1),(ZZ191,1),(ZZ172,1),(ZZ571,1),(ZZ186,1),(ZZ571,1),(ZZ186,1),(ZZ571,1),(ZZ186,1)"
ZZ192,망포중학교,"(ZZ185,1),(ZZ192,1),(ZZ591,1),(ZZ192,1),(ZZ192,2),(ZZ191,3),(ZZ185,1),(ZZ571,1),(ZZ185,1),(ZZ571,2),(ZZ591,1),(ZZ157,1),(ZZ591,2),(ZZ157,1),(ZZ185,1),(ZZ571,1),(ZZ591,1),(ZZ157,1),(ZZ185,1),(ZZ571,1)"
ZZ193,매교다리,"(ZZ16,1),(ZZ505,1),(ZZ595,1),(ZZ378,1),(ZZ342,1),(ZZ595,1),(ZZ595,2),(ZZ378,1),(ZZ342,1),(ZZ595,1),(ZZ16,3),(ZZ505,2),(ZZ596,1),(ZZ505,1),(ZZ505,3),(ZZ595,3)"
ZZ194,매교역2번출구.성원아파트,"(ZZ316,1),(ZZ199,1),(ZZ316,1),(ZZ199,1)"
ZZ195,매교역3번출구.성원아파트,"(ZZ198,1),(ZZ316,1),(ZZ198,1),(ZZ316,1)"
ZZ196,매교역4번출구.경기도박치료센터,"(ZZ309,2),(ZZ590,1),(ZZ309,2),(ZZ590,1)"
ZZ197,매교역5번출구.경기도박치료센터,"(ZZ379,1),(ZZ309,1),(ZZ379,1),(ZZ309,1)"
ZZ198,매교역6번출구.문화맨션,"(ZZ378,1),(ZZ195,1),(ZZ378,1),(ZZ195,1)"
ZZ199,매교역7번출구.문화맨션,"(ZZ194,1),(ZZ342,1),(ZZ194,1),(ZZ342,1)"
ZZ200,매산시장,"(ZZ144,1),(ZZ367,2),(ZZ144,2),(ZZ285,1),(ZZ367,1),(ZZ326,1),(ZZ367,3),(ZZ326,3),(ZZ367,2),(ZZ326,2),(ZZ367,2),(ZZ326,1),(ZZ367,1),(ZZ326,1)"
ZZ201,매원중학교,"(ZZ205,1),(ZZ209,1),(ZZ216,1),(ZZ205,1),(ZZ205,1),(ZZ209,1),(ZZ216,3),(ZZ205,1),(ZZ216,1),(ZZ205,1),(ZZ205,1),(ZZ209,1)"
ZZ202,매탄2동주민센터,"(ZZ202,2),(ZZ414,3),(ZZ263,1),(ZZ76,1),(ZZ263,2),(ZZ76,3),(ZZ263,2),(ZZ76,3),(ZZ263,3),(ZZ76,3),(ZZ263,1),(ZZ76,1),(ZZ263,1),(ZZ76,1)"
ZZ203,매탄고등학교.그린빌주공1.2단지,"(ZZ203,1),(ZZ208,1),(ZZ432,1),(ZZ209,1),(ZZ432,1),(ZZ209,1)"
ZZ204,매탄고등학교.매탄위브하늘채,"(ZZ204,1),(ZZ466,1),(ZZ216,1),(ZZ431,1),(ZZ216,1),(ZZ431,1)"
ZZ205,매탄공원,"(ZZ609,1),(ZZ201,1),(ZZ201,1),(ZZ608,1),(ZZ609,1),(ZZ201,1),(ZZ201,1),(ZZ608,1),(ZZ201,1),(ZZ608,1),(ZZ609,1),(ZZ201,1)"
ZZ206,매탄권선역.그린빌주공6단지,"(ZZ206,2),(ZZ211,1),(ZZ394,1),(ZZ102,1),(ZZ394,1),(ZZ102,1)"
ZZ207,매탄권선역.화홍고등학교,"(ZZ207,1),(ZZ234,1),(ZZ102,1),(ZZ394,1),(ZZ102,1),(ZZ394,1)"
ZZ208,매탄삼성1차아파트,"(ZZ209,1),(ZZ214,2),(ZZ208,1),(ZZ263,1),(ZZ209,3),(ZZ214,3),(ZZ209,1),(ZZ214,1),(ZZ209,1),(ZZ214,1),(ZZ209,1),(ZZ262,1)"
ZZ209,매탄성일아파트,"(ZZ201,1),(ZZ208,1),(ZZ209,1),(ZZ262,1),(ZZ201,1),(ZZ208,3),(ZZ203,1),(ZZ208,1),(ZZ201,1),(ZZ208,1),(ZZ203,1),(ZZ208,1)"
ZZ210,매탄시장입구,"(ZZ210,1),(ZZ212,1),(ZZ413,1),(ZZ215,1),(ZZ76,1),(ZZ215,2),(ZZ76,3),(ZZ215,3),(ZZ76,2),(ZZ215,2),(ZZ76,1),(ZZ215,1),(ZZ76,1),(ZZ215,2)"
ZZ211,매탄우남아파트,"(ZZ211,1),(ZZ203,1),(ZZ102,1),(ZZ432,1),(ZZ102,1),(ZZ432,1)"
ZZ212,매탄위브하늘채,"(ZZ34,1),(ZZ216,1),(ZZ212,1),(ZZ204,1),(ZZ34,2),(ZZ216,3),(ZZ34,1),(ZZ216,1),(ZZ34,1),(ZZ216,1),(ZZ215,1),(ZZ216,2)"
ZZ213,매탄위브하늘채.경기아트센터,"(ZZ356,1),(ZZ517,1),(ZZ356,2),(ZZ517,1),(ZZ513,2),(ZZ517,2),(ZZ513,2),(ZZ517,1),(ZZ513,2),(ZZ517,1)"
ZZ214,매탄주공4.5단지,"(ZZ208,2),(ZZ161,1),(ZZ208,3),(ZZ161,2),(ZZ517,2),(ZZ552,1),(ZZ208,1),(ZZ552,1),(ZZ208,1),(ZZ161,1),(ZZ215,2),(ZZ552,1)"
ZZ215,매탄주공4단지.매탄1동주민센터,"(ZZ215,1),(ZZ216,1),(ZZ210,1),(ZZ37,1),(ZZ210,2),(ZZ517,4),(ZZ210,3),(ZZ517,1),(ZZ210,2),(ZZ517,1),(ZZ210,1),(ZZ212,1),(ZZ210,2),(ZZ214,2)"
ZZ216,매탄초교,"(ZZ212,1),(ZZ201,1),(ZZ216,1),(ZZ431,1),(ZZ212,3),(ZZ201,3),(ZZ212,1),(ZZ204,1),(ZZ212,1),(ZZ201,1),(ZZ212,2),(ZZ204,1)"
ZZ217,메타폴리스(중),"(ZZ217,1),(ZZ19,2),(ZZ131,1),(ZZ619,1),(ZZ620,1),(ZZ131,1),(ZZ131,1),(ZZ619,1)"
ZZ218,모아미래도아파트.호매실더센트라고아파트,"(ZZ133,2),(ZZ218,1)"
ZZ219,모아미래도아파트.호매실역서희스타힐스,"(ZZ15,1),(ZZ219,1),(ZZ15,1),(ZZ577,1),(ZZ218,1),(ZZ219,1),(ZZ577,1),(ZZ219,1),(ZZ219,1),(ZZ10,1),(ZZ577,1),(ZZ12,2)"
ZZ220,무궁화전자,"(ZZ136,3),(ZZ489,3),(ZZ489,2),(ZZ136,2),(ZZ489,1),(ZZ136,1),(ZZ136,1),(ZZ489,1)"
ZZ221,문암골,"(ZZ254,1),(ZZ58,2),(ZZ247,2),(ZZ58,3)"
ZZ222,미영아파트,"(ZZ391,1),(ZZ255,1),(ZZ319,1),(ZZ391,1),(ZZ391,1),(ZZ255,1),(ZZ319,1),(ZZ391,1),(ZZ319,1),(ZZ391,1),(ZZ391,1),(ZZ255,1)"
ZZ223,반도유보라.센트럴푸르지오,"(ZZ447,2),(ZZ648,2)"
ZZ224,반석초등학교,"(ZZ168,1),(ZZ224,1),(ZZ224,2),(ZZ407,2),(ZZ168,2),(ZZ167,2)"
ZZ225,반송고등학교,"(ZZ167,1),(ZZ225,1),(ZZ225,1),(ZZ125,1),(ZZ167,2),(ZZ168,1)"
ZZ226,반송초중교,"(ZZ112,1)"
ZZ227,반월1통.반월삼거리,"(ZZ227,1),(ZZ401,2),(ZZ264,1),(ZZ230,1),(ZZ230,1),(ZZ268,1),(ZZ264,1),(ZZ230,1)"
ZZ228,반월2동,"(ZZ409,1),(ZZ231,1)"
ZZ229,반월2통,"(ZZ229,1),(ZZ264,1),(ZZ409,1),(ZZ231,1)"
ZZ230,반월리큰고개,"(ZZ396,2),(ZZ230,1),(ZZ402,1),(ZZ230,2),(ZZ230,2),(ZZ185,2),(ZZ227,1),(ZZ401,1),(ZZ396,1),(ZZ402,1),(ZZ402,3),(ZZ396,1),(ZZ402,2),(ZZ227,1),(ZZ227,1),(ZZ402,1),(ZZ402,1),(ZZ396,1),(ZZ396,1),(ZZ402,1)"
ZZ231,반월초등학교,"(ZZ231,1),(ZZ227,1),(ZZ228,1),(ZZ264,1),(ZZ229,1),(ZZ264,1)"
ZZ232,반정동,"(ZZ143,1),(ZZ244,3),(ZZ243,3),(ZZ143,1),(ZZ143,1),(ZZ244,3),(ZZ243,3),(ZZ143,1)"
ZZ233,밤꽃사거리,"(ZZ305,2),(ZZ235,2),(ZZ235,1),(ZZ493,1)"
ZZ234,방죽공원.영통힐스테이트.쌍용아파트,"(ZZ436,1),(ZZ234,1),(ZZ436,2),(ZZ190,1),(ZZ436,1),(ZZ190,1),(ZZ234,1),(ZZ101,1),(ZZ436,1),(ZZ190,1),(ZZ174,1),(ZZ189,2),(ZZ174,1),(ZZ189,2)"
ZZ235,백선교회,"(ZZ233,2),(ZZ497,2),(ZZ165,1),(ZZ233,1)"
ZZ236,뱅뱅이,"(ZZ512,1),(ZZ418,1),(ZZ418,1),(ZZ512,1)"
ZZ237,벌터마을.래미안영통마크원2단지,"(ZZ237,1),(ZZ206,1),(ZZ172,1),(ZZ394,1),(ZZ172,1),(ZZ394,1)"
ZZ238,벽산아파트,"(ZZ21,1),(ZZ238,1),(ZZ444,1),(ZZ547,1),(ZZ547,3),(ZZ338,4),(ZZ21,1),(ZZ547,1),(ZZ21,1),(ZZ547,1)"
ZZ239,벽적골주공아파트,"(ZZ392,1),(ZZ476,1),(ZZ392,1),(ZZ476,1),(ZZ392,1),(ZZ476,5)"
ZZ240,벽적골태영아파트,"(ZZ434,2),(ZZ392,2),(ZZ434,1),(ZZ392,1),(ZZ434,1),(ZZ392,1)"
ZZ241,병무청입구,"(ZZ104,1),(ZZ654,1),(ZZ654,1),(ZZ104,1),(ZZ365,1),(ZZ104,1),(ZZ365,3),(ZZ104,1),(ZZ104,2)"
ZZ242,병점사거리,"(ZZ244,1),(ZZ649,1)"
ZZ243,병점입구.병점육교.화남아파트,"(ZZ156,1),(ZZ232,3),(ZZ152,2),(ZZ232,3)"
ZZ244,병점입구.화남아파트.병점육교,"(ZZ232,3),(ZZ242,1),(ZZ232,3),(ZZ417,2)"
ZZ245,보정역.보정고등학교.동아솔레시티,"(ZZ405,1),(ZZ270,1),(ZZ270,1),(ZZ405,1)"
ZZ246,보훈교육원.반딧불이연무시장,"(ZZ247,1),(ZZ21,1),(ZZ73,1),(ZZ21,1),(ZZ21,1),(ZZ247,1)"
ZZ247,보훈원복지타운.보훈요양원,"(ZZ56,1),(ZZ246,1),(ZZ346,1),(ZZ246,1),(ZZ246,1),(ZZ23,1)"
ZZ248,복합문화센터,"(ZZ167,1),(ZZ248,1),(ZZ167,1),(ZZ164,1)"
ZZ249,북수원시장.광교산입구,"(ZZ88,1),(ZZ610,1),(ZZ88,1),(ZZ610,1)"
ZZ250,북수원시장.효자문사거리,"(ZZ13,2),(ZZ163,1),(ZZ13,2),(ZZ163,2),(ZZ13,1),(ZZ163,1)"
ZZ251,북촌말입구,"(ZZ406,1),(ZZ336,1)"
ZZ252,블루밍푸른숲아파트,"(ZZ657,1),(ZZ388,1),(ZZ388,1),(ZZ657,1),(ZZ657,1),(ZZ388,1),(ZZ388,1),(ZZ657,1)"
ZZ253,비상활주로.곡반정동입구,"(ZZ92,1),(ZZ143,2),(ZZ92,1),(ZZ143,1)"
ZZ254,비석거리입구,"(ZZ605,1),(ZZ221,1),(ZZ23,3),(ZZ221,1)"
ZZ255,비행장입구.세류역,"(ZZ222,1),(ZZ314,1),(ZZ222,1),(ZZ314,1),(ZZ222,1),(ZZ314,3)"
ZZ256,빼골,"(ZZ72,1),(ZZ459,1),(ZZ459,1),(ZZ72,1)"
ZZ257,사색의광장,"(ZZ295,1),(ZZ294,1)"
ZZ258,산남중학교,"(ZZ608,1),(ZZ3,1),(ZZ608,1),(ZZ3,1),(ZZ608,1),(ZZ3,1)"
ZZ259,산의초등학교.래미안광교,"(ZZ71,1),(ZZ259,1),(ZZ425,1),(ZZ66,1),(ZZ62,1),(ZZ39,1)"
ZZ260,살구골공원.영통역3번출구,"(ZZ439,1),(ZZ429,1)"
ZZ261,삼성1차.보원.건영아파트,"(ZZ153,1),(ZZ621,1)"
ZZ262,삼성1차아파트,"(ZZ262,1),(ZZ202,1),(ZZ262,1),(ZZ121,1),(ZZ517,1),(ZZ263,1),(ZZ517,1),(ZZ263,2),(ZZ517,2),(ZZ263,1),(ZZ517,1),(ZZ263,2),(ZZ208,1),(ZZ263,1),(ZZ267,1),(ZZ85,1),(ZZ34,1),(ZZ263,1),(ZZ267,2),(ZZ85,2)"
ZZ263,삼성2차아파트,"(ZZ263,1),(ZZ76,2),(ZZ262,1),(ZZ202,1),(ZZ262,2),(ZZ202,2),(ZZ262,1),(ZZ202,2),(ZZ262,2),(ZZ202,3),(ZZ262,1),(ZZ202,1),(ZZ262,1),(ZZ202,1)"
ZZ264,삼성반도체,"(ZZ264,1),(ZZ230,1),(ZZ231,1),(ZZ227,1),(ZZ231,1),(ZZ227,1)"
ZZ265,삼성반도체후문,"(ZZ5,1),(ZZ265,1),(ZZ396,1),(ZZ265,1),(ZZ5,2),(ZZ396,1),(ZZ396,1),(ZZ5,2),(ZZ396,1),(ZZ5,2),(ZZ5,2),(ZZ396,1)"
ZZ266,삼성삼거리,"(ZZ435,1),(ZZ269,1),(ZZ269,1),(ZZ604,1),(ZZ269,1),(ZZ604,1),(ZZ435,1),(ZZ269,1),(ZZ435,1),(ZZ269,1),(ZZ269,1),(ZZ604,1)"
ZZ267,삼성아파트,"(ZZ267,1),(ZZ85,1),(ZZ85,1),(ZZ306,1),(ZZ306,1),(ZZ262,1),(ZZ85,2),(ZZ306,2),(ZZ306,1),(ZZ262,2)"
ZZ268,삼성전자,"(ZZ268,1),(ZZ620,1),(ZZ158,1),(ZZ308,1),(ZZ227,1),(ZZ308,1)"
ZZ269,삼성전자입구,"(ZZ266,1),(ZZ488,1),(ZZ488,1),(ZZ266,1),(ZZ488,1),(ZZ266,1),(ZZ266,1),(ZZ488,1),(ZZ266,1),(ZZ488,1),(ZZ488,1),(ZZ266,1)"
ZZ270,삼성휴먼센터,"(ZZ245,1),(ZZ551,1),(ZZ551,1),(ZZ245,1)"
ZZ271,삼익3차아파트,"(ZZ580,1),(ZZ271,1),(ZZ271,1),(ZZ106,1),(ZZ105,1),(ZZ650,1),(ZZ105,4),(ZZ580,3),(ZZ105,3),(ZZ650,1)"
ZZ272,삼익아파트,"(ZZ398,1),(ZZ272,3),(ZZ272,1),(ZZ84,1),(ZZ582,2),(ZZ647,3)"
ZZ273,삼익아파트.광교산입구,"(ZZ611,1),(ZZ31,1),(ZZ611,1),(ZZ31,1)"
ZZ274,삼환나우빌아파트,"(ZZ420,5),(ZZ535,4),(ZZ535,4),(ZZ420,3)"
ZZ275,상고렴사거리.곡선동주민센터,"(ZZ576,1),(ZZ52,1),(ZZ576,2),(ZZ52,3),(ZZ576,1),(ZZ52,1),(ZZ576,1),(ZZ52,1),(ZZ576,1),(ZZ52,1)"
ZZ276,상고렴사거리.수원아이파크시티4단지,"(ZZ363,1),(ZZ575,1),(ZZ52,1),(ZZ575,2),(ZZ52,1),(ZZ575,3),(ZZ52,1),(ZZ575,1),(ZZ52,1),(ZZ575,1)"
ZZ277,상공회의소,"(ZZ539,1),(ZZ277,2),(ZZ539,1),(ZZ337,1)"
ZZ278,상공회의소.수성고교,"(ZZ337,1),(ZZ278,1),(ZZ337,1),(ZZ539,1)"
ZZ279,상광교동종점,"(ZZ57,1),(ZZ59,1)"
ZZ280,상광교마을회관,"(ZZ289,1),(ZZ281,1),(ZZ463,1),(ZZ281,1)"
ZZ281,상광교신다리.광교로컬푸드직매장,"(ZZ280,1),(ZZ462,1),(ZZ606,1),(ZZ462,1)"
ZZ282,상록.테크노밸리.GS자이,"(ZZ600,3),(ZZ467,1),(ZZ467,3),(ZZ617,2)"
ZZ283,상미마을.신갈오거리.롯데캐슬레이시티,"(ZZ572,1),(ZZ390,1),(ZZ389,1),(ZZ572,1)"
ZZ284,상현고등학교,"(ZZ65,1),(ZZ284,1),(ZZ70,1),(ZZ285,1),(ZZ65,1),(ZZ290,1),(ZZ286,1),(ZZ65,1)"
ZZ285,상현역,"(ZZ286,1),(ZZ285,1),(ZZ39,1),(ZZ71,1),(ZZ70,1),(ZZ285,1),(ZZ286,1),(ZZ69,1),(ZZ70,1),(ZZ286,1),(ZZ70,1),(ZZ286,1)"
ZZ286,상현중학교,"(ZZ290,1),(ZZ286,1),(ZZ71,1),(ZZ70,1),(ZZ285,1),(ZZ286,1),(ZZ290,1),(ZZ285,1),(ZZ285,1),(ZZ284,1),(ZZ285,1),(ZZ290,1)"
ZZ287,새강마을.휴먼시아,"(ZZ287,1),(ZZ225,1),(ZZ620,1),(ZZ288,1),(ZZ131,1),(ZZ288,1)"
ZZ288,새강주공휴먼시아,"(ZZ287,1),(ZZ114,1),(ZZ287,1),(ZZ114,1)"
ZZ289,새마을주택,"(ZZ57,1),(ZZ280,1),(ZZ462,1),(ZZ280,1)"
ZZ290,새빛초등학교.광교상록자이,"(ZZ284,1),(ZZ290,1),(ZZ286,1),(ZZ290,2),(ZZ284,1),(ZZ286,1),(ZZ286,1),(ZZ502,1)"
ZZ291,새터마을,"(ZZ317,1),(ZZ291,1),(ZZ321,1),(ZZ291,1),(ZZ317,1),(ZZ321,1),(ZZ321,1),(ZZ317,2),(ZZ317,1),(ZZ321,1)"
ZZ292,새터말,"(ZZ418,1),(ZZ72,1),(ZZ72,1),(ZZ418,1)"
ZZ293,샘내현대아파트,"(ZZ293,1),(ZZ184,1),(ZZ399,3),(ZZ562,3),(ZZ399,1),(ZZ562,1)"
ZZ294,생명과학대,"(ZZ460,1),(ZZ257,1)"
ZZ295,생명과학대.산업대학,"(ZZ257,1),(ZZ41,2)"
ZZ296,서둔동,"(ZZ297,1),(ZZ296,1),(ZZ297,1),(ZZ301,1)"
ZZ297,서둔동주민센터,"(ZZ301,1),(ZZ297,1),(ZZ144,1),(ZZ297,1),(ZZ301,1),(ZZ144,2),(ZZ144,1),(ZZ296,1)"
ZZ298,서부경찰서.권선구청입구,"(ZZ474,3),(ZZ90,1),(ZZ587,4),(ZZ47,3)"
ZZ299,서부공영차고지,"(ZZ129,4),(ZZ612,4),(ZZ612,3),(ZZ129,2)"
ZZ300,서수원터미널.이마트,"(ZZ79,1),(ZZ85,1),(ZZ79,1),(ZZ85,2)"
ZZ301,서호중학교,"(ZZ302,1),(ZZ301,1),(ZZ296,1),(ZZ301,1),(ZZ122,2),(ZZ302,1),(ZZ302,2),(ZZ28,1),(ZZ302,1),(ZZ297,1),(ZZ296,1),(ZZ302,1)"
ZZ302,서호초등학교,"(ZZ329,1),(ZZ302,1),(ZZ301,1),(ZZ302,1),(ZZ301,1),(ZZ329,2),(ZZ329,2),(ZZ301,2),(ZZ329,2),(ZZ301,1),(ZZ301,1),(ZZ329,1)"
ZZ303,선일초등학교,"(ZZ53,1),(ZZ303,1),(ZZ53,1),(ZZ495,1),(ZZ52,1),(ZZ495,1),(ZZ52,3),(ZZ495,3),(ZZ141,3),(ZZ495,2),(ZZ52,1),(ZZ93,1)"
ZZ304,성균관대역,"(ZZ304,1),(ZZ267,1),(ZZ306,1),(ZZ305,1),(ZZ493,1),(ZZ306,1),(ZZ306,1),(ZZ305,1),(ZZ493,1),(ZZ306,1)"
ZZ305,성균관대역.고용노동부경기지청.율전성당,"(ZZ305,1),(ZZ293,1),(ZZ561,1),(ZZ399,3),(ZZ304,1),(ZZ233,2),(ZZ304,1),(ZZ399,2)"
ZZ306,성균관대학교,"(ZZ306,1),(ZZ262,1),(ZZ267,1),(ZZ304,1),(ZZ304,1),(ZZ267,1),(ZZ267,2),(ZZ304,1),(ZZ304,1),(ZZ267,1)"
ZZ307,성빈센트병원,"(ZZ159,1),(ZZ307,1),(ZZ16,1),(ZZ118,1),(ZZ159,1),(ZZ2,1),(ZZ2,1),(ZZ614,1),(ZZ2,1),(ZZ614,1),(ZZ159,1),(ZZ2,1),(ZZ159,1),(ZZ2,1),(ZZ2,1),(ZZ614,1),(ZZ307,1),(ZZ428,1),(ZZ159,2),(ZZ2,2),(ZZ2,1),(ZZ614,2),(ZZ159,2),(ZZ2,2),(ZZ2,1),(ZZ614,1),(ZZ159,1),(ZZ2,1),(ZZ2,1),(ZZ614,3)"
ZZ308,성지산업,"(ZZ308,1),(ZZ287,1),(ZZ268,1),(ZZ620,1),(ZZ268,1),(ZZ125,1)"
ZZ309,세곡사거리,"(ZZ197,1),(ZZ326,2),(ZZ32,1),(ZZ196,2),(ZZ197,1),(ZZ326,2),(ZZ32,1),(ZZ196,2)"
ZZ310,세교13단지,"(ZZ311,1),(ZZ387,1),(ZZ387,2),(ZZ311,1)"
ZZ311,세교고인돌공원,"(ZZ548,1),(ZZ310,1),(ZZ310,1),(ZZ548,1)"
ZZ312,세권사거리,"(ZZ625,1),(ZZ95,1),(ZZ625,1),(ZZ94,3),(ZZ94,1),(ZZ616,1)"
ZZ313,세류2동,"(ZZ391,1),(ZZ318,1),(ZZ391,1),(ZZ318,1),(ZZ391,1),(ZZ315,1)"
ZZ314,세류2동.세류역환승주차장,"(ZZ255,1),(ZZ92,3),(ZZ255,1),(ZZ92,2),(ZZ255,3),(ZZ55,3)"
ZZ315,세류2동주민센터,"(ZZ117,2),(ZZ315,1),(ZZ317,1),(ZZ315,2),(ZZ328,1),(ZZ317,1),(ZZ328,1),(ZZ317,1),(ZZ117,1),(ZZ317,1),(ZZ313,1),(ZZ117,2),(ZZ317,2),(ZZ117,2),(ZZ117,2),(ZZ317,2)"
ZZ316,세류3동주민센터.버드내노인복지회관,"(ZZ195,1),(ZZ328,1),(ZZ519,1),(ZZ194,1),(ZZ195,1),(ZZ328,1),(ZZ519,1),(ZZ194,1)"
ZZ317,세류사거리,"(ZZ315,1),(ZZ317,1),(ZZ291,1),(ZZ317,1),(ZZ315,1),(ZZ391,1),(ZZ315,1),(ZZ391,1),(ZZ315,1),(ZZ291,1),(ZZ117,5),(ZZ391,4),(ZZ291,2),(ZZ315,2),(ZZ315,2),(ZZ291,1)"
ZZ318,세류사거리.세류2동주민센터,"(ZZ313,1),(ZZ519,1),(ZZ313,1),(ZZ519,1)"
ZZ319,세류역,"(ZZ320,1),(ZZ222,1),(ZZ320,1),(ZZ222,1),(ZZ320,1),(ZZ222,1)"
ZZ320,세류역환승주차장,"(ZZ92,2),(ZZ319,1),(ZZ92,1),(ZZ319,1),(ZZ55,5),(ZZ319,1)"
ZZ321,세류중학교.아세아시멘트,"(ZZ291,1),(ZZ321,1),(ZZ369,1),(ZZ321,1),(ZZ291,1),(ZZ369,1),(ZZ369,1),(ZZ291,1),(ZZ291,1),(ZZ369,1)"
ZZ322,세마대,"(ZZ324,1),(ZZ461,1)"
ZZ323,세마대사거리,"(ZZ461,1),(ZZ324,1)"
ZZ324,세마역,"(ZZ323,1),(ZZ325,1),(ZZ325,1),(ZZ322,1)"
ZZ325,세마중고교,"(ZZ324,1),(ZZ548,1),(ZZ548,1),(ZZ324,1)"
ZZ326,세무서.도청입구.신용회복위원회,"(ZZ632,1),(ZZ366,1),(ZZ281,2),(ZZ200,2),(ZZ632,1),(ZZ326,3),(ZZ285,1),(ZZ367,1),(ZZ632,2),(ZZ366,2),(ZZ200,1),(ZZ632,1),(ZZ632,3),(ZZ366,6),(ZZ200,3),(ZZ632,3),(ZZ632,2),(ZZ366,5),(ZZ200,2),(ZZ632,2),(ZZ309,2),(ZZ366,2),(ZZ200,1),(ZZ32,1),(ZZ309,2),(ZZ366,4),(ZZ200,1),(ZZ32,1)"
ZZ327,세한교회,"(ZZ510,1),(ZZ81,1)"
ZZ328,세화새마을금고.버드내도서관,"(ZZ316,1),(ZZ315,1),(ZZ316,1),(ZZ315,1)"
ZZ329,센트라우스.서수원검사소,"(ZZ366,2),(ZZ329,1),(ZZ302,1),(ZZ329,2),(ZZ302,2),(ZZ367,3),(ZZ366,3),(ZZ302,2),(ZZ366,2),(ZZ302,2),(ZZ302,1),(ZZ367,2)"
ZZ330,센트럴푸르지오.반도유보라,"(ZZ179,1)"
ZZ331,센트럴푸르지오.호반베르디움2차,"(ZZ447,1)"
ZZ332,센트럴하이츠아파트,"(ZZ430,1),(ZZ571,1),(ZZ138,1),(ZZ571,1)"
ZZ333,소화초등학교,"(ZZ631,1),(ZZ375,1),(ZZ412,2),(ZZ631,1)"
ZZ334,솔빛마을.서해.쌍용아파트,"(ZZ334,1),(ZZ217,1),(ZZ407,1),(ZZ131,1),(ZZ407,1),(ZZ131,1)"
ZZ335,솔빛마을상가,"(ZZ335,2),(ZZ334,1)"
ZZ336,송산동입구,"(ZZ417,1),(ZZ416,1),(ZZ251,1),(ZZ152,1)"
ZZ337,수성중사거리,"(ZZ376,1),(ZZ337,1),(ZZ277,1),(ZZ9,3),(ZZ524,1),(ZZ278,1)"
ZZ338,수성중학교.영화동행정복지센터,"(ZZ9,2),(ZZ444,1),(ZZ238,4),(ZZ9,3)"
ZZ339,수원KT워즈파크,"(ZZ339,1),(ZZ457,1)"
ZZ340,수원KT위즈파크,"(ZZ377,1),(ZZ340,1),(ZZ377,1),(ZZ627,1),(ZZ377,1),(ZZ627,1)"
ZZ341,수원KT위즈파크.행정동우회관.경기도남부자치경찰위원회,"(ZZ522,1),(ZZ341,1),(ZZ526,1),(ZZ376,1),(ZZ526,1),(ZZ376,1),(ZZ341,1),(ZZ374,1)"
ZZ342,수원고교,"(ZZ199,1),(ZZ193,1),(ZZ199,1),(ZZ193,1)"
ZZ343,수원고등법원.수원고등검찰청.광교호수공원,"(ZZ502,1),(ZZ343,2),(ZZ502,1),(ZZ491,1)"
ZZ344,수원고용복지플러스센터.동수원병원.라마다호텔,"(ZZ471,1),(ZZ344,1),(ZZ2,1),(ZZ307,1),(ZZ471,1),(ZZ159,1),(ZZ614,2),(ZZ508,1),(ZZ614,1),(ZZ508,1),(ZZ471,1),(ZZ159,1),(ZZ471,1),(ZZ159,1),(ZZ614,1),(ZZ508,1),(ZZ344,1),(ZZ307,1),(ZZ344,1),(ZZ339,1),(ZZ471,2),(ZZ159,2),(ZZ614,2),(ZZ508,2),(ZZ471,2),(ZZ159,3),(ZZ614,1),(ZZ508,1),(ZZ471,1),(ZZ159,1),(ZZ614,2),(ZZ508,1)"
ZZ345,수원남부버스공영차고지,"(ZZ437,1),(ZZ437,1)"
ZZ346,수원농생고.수원북중학교,"(ZZ525,1),(ZZ73,1),(ZZ73,1),(ZZ21,1)"
ZZ347,수원델타플렉스육교앞,"(ZZ468,1),(ZZ171,3)"
ZZ348,수원버스터미널,"(ZZ495,1),(ZZ348,1),(ZZ117,1),(ZZ348,1),(ZZ495,1),(ZZ117,1),(ZZ495,1),(ZZ625,1),(ZZ117,2),(ZZ625,1),(ZZ616,2),(ZZ117,4),(ZZ410,3),(ZZ363,4),(ZZ117,3),(ZZ363,4),(ZZ495,3),(ZZ117,3)"
ZZ349,수원북중학교.수원농생고,"(ZZ21,1),(ZZ6,1)"
ZZ350,수원북중후문.경기도교육청,"(ZZ547,2),(ZZ350,2),(ZZ547,1),(ZZ424,1),(ZZ547,1),(ZZ424,1)"
ZZ351,수원순복음교회,"(ZZ51,1),(ZZ351,1),(ZZ51,1),(ZZ437,1)"
ZZ352,수원시동부차고지,"(ZZ155,1),(ZZ284,2),(ZZ155,1),(ZZ65,1)"
ZZ353,수원시보훈회관.호매실마을13단지,"(ZZ515,1),(ZZ623,4),(ZZ623,1),(ZZ353,1),(ZZ623,1),(ZZ640,1)"
ZZ354,수원시청.수원일자리센터,"(ZZ7,3),(ZZ356,4),(ZZ355,5),(ZZ7,4),(ZZ360,2),(ZZ98,1),(ZZ99,2),(ZZ361,1),(ZZ360,2),(ZZ98,1),(ZZ99,2),(ZZ361,1)"
ZZ355,수원시청역10번출구.국민연금공단.경인일보,"(ZZ37,1),(ZZ359,1),(ZZ37,2),(ZZ354,5)"
ZZ356,수원시청역1번출구.국민연금공단.경인일보,"(ZZ358,1),(ZZ213,1),(ZZ354,4),(ZZ213,2)"
ZZ357,수원시청역2번출구.벽산그랜드코리아,"(ZZ120,1),(ZZ361,1)"
ZZ358,수원시청역2번출구.벽산그랜드코아,"(ZZ120,1),(ZZ356,1)"
ZZ359,수원시청역3번출구.서울보증보험,"(ZZ355,1),(ZZ96,1),(ZZ360,1),(ZZ120,1)"
ZZ360,수원시청역8번출구.씨네파크.헌혈의집,"(ZZ552,2),(ZZ354,2),(ZZ552,2),(ZZ354,2),(ZZ552,1),(ZZ359,1)"
ZZ361,수원시청역9번출구.국민연금공단,"(ZZ354,1),(ZZ123,1),(ZZ354,1),(ZZ123,1),(ZZ357,1),(ZZ123,1)"
ZZ362,수원시평생학습관.우만주공아파트,"(ZZ421,1),(ZZ469,1),(ZZ423,1),(ZZ413,1),(ZZ424,1),(ZZ421,1),(ZZ421,1),(ZZ424,1),(ZZ424,1),(ZZ421,1),(ZZ421,2),(ZZ424,2)"
ZZ363,수원아이파크시티.선일초교,"(ZZ348,1),(ZZ363,1),(ZZ46,1),(ZZ51,1),(ZZ616,1),(ZZ276,1),(ZZ348,4),(ZZ52,3),(ZZ348,4),(ZZ466,3),(ZZ93,1),(ZZ52,1)"
ZZ364,수원여고.농천교회,"(ZZ613,1),(ZZ45,1),(ZZ45,1)"
ZZ365,수원여자고교,"(ZZ44,1),(ZZ241,1),(ZZ241,3)"
ZZ366,수원역.AK플라자,"(ZZ326,1),(ZZ577,3),(ZZ326,3),(ZZ366,3),(ZZ368,1),(ZZ366,2),(ZZ329,2),(ZZ366,1),(ZZ326,2),(ZZ408,3),(ZZ368,1),(ZZ43,1),(ZZ326,6),(ZZ43,3),(ZZ367,2),(ZZ369,1),(ZZ368,1),(ZZ329,3),(ZZ326,5),(ZZ144,7),(ZZ326,2),(ZZ329,2),(ZZ326,4),(ZZ144,5)"
ZZ367,수원역.노보텔수원,"(ZZ87,3),(ZZ281,1),(ZZ87,3),(ZZ144,2),(ZZ408,2),(ZZ200,1),(ZZ46,4),(ZZ200,3),(ZZ329,3),(ZZ366,2),(ZZ144,5),(ZZ200,2),(ZZ329,2),(ZZ200,2),(ZZ144,4),(ZZ200,1)"
ZZ368,수원역.역전시장,"(ZZ369,1),(ZZ368,1),(ZZ369,1),(ZZ366,1),(ZZ369,1),(ZZ366,1)"
ZZ369,수원역센트럴어반시티,"(ZZ321,1),(ZZ369,1),(ZZ366,1),(ZZ369,1),(ZZ321,1),(ZZ368,1),(ZZ366,1),(ZZ321,1),(ZZ321,1),(ZZ368,1)"
ZZ370,수원월드컵경기장.동성중학교,"(ZZ666,1),(ZZ421,1),(ZZ421,1),(ZZ666,1),(ZZ666,1),(ZZ421,1),(ZZ421,1),(ZZ666,1),(ZZ666,1),(ZZ421,1)"
ZZ371,수원월드컵경기장.아름학교,"(ZZ27,1),(ZZ371,1),(ZZ411,1),(ZZ560,1)"
ZZ372,수원은혜교회.한양수자인파크원아파트,"(ZZ640,4),(ZZ639,1),(ZZ639,2),(ZZ372,2)"
ZZ373,수원은혜교회.한양수자인파크원아파트.자목마을입구,"(ZZ639,1),(ZZ624,1)"
ZZ374,수원전통문화관.장안동,"(ZZ524,1),(ZZ660,1),(ZZ9,1),(ZZ660,1),(ZZ9,2),(ZZ660,1),(ZZ521,1),(ZZ660,1),(ZZ374,1),(ZZ2,1),(ZZ521,3),(ZZ660,2),(ZZ9,3),(ZZ660,2),(ZZ9,3),(ZZ660,1)"
ZZ375,수원정보과학고.원천중학교,"(ZZ333,1),(ZZ412,1)"
ZZ376,수원종합운동장.로얄팰리스.아너스빌위즈,"(ZZ341,1),(ZZ376,1),(ZZ341,1),(ZZ9,1),(ZZ341,1),(ZZ9,1),(ZZ376,1),(ZZ660,1)"
ZZ377,수원종합운동장.수원시체육회관.아너스빌위즈,"(ZZ277,2),(ZZ377,1),(ZZ9,1),(ZZ340,1),(ZZ9,1),(ZZ340,1),(ZZ377,1),(ZZ627,1)"
ZZ378,수원중고교.연향아파트,"(ZZ193,1),(ZZ198,1),(ZZ193,1),(ZZ198,1)"
ZZ379,수원중학교,"(ZZ590,1),(ZZ197,1),(ZZ590,1),(ZZ197,1)"
ZZ380,수원컨벤션센터.롯데아울렛,"(ZZ63,2),(ZZ380,2),(ZZ60,1),(ZZ380,1),(ZZ60,1),(ZZ516,1),(ZZ554,1),(ZZ60,1)"
ZZ381,수일여중.대우건설기술연구원.경기도융합과학교육원,"(ZZ627,1),(ZZ383,1),(ZZ627,1),(ZZ383,1)"
ZZ382,수일여중.한빛현요양병원.경기도융합과학교육원,"(ZZ610,1),(ZZ38,1),(ZZ610,1),(ZZ38,2)"
ZZ383,수일중학교,"(ZZ381,1),(ZZ611,1),(ZZ381,1),(ZZ611,1)"
ZZ384,수지고등학교.삼성4차아파트,"(ZZ385,1),(ZZ153,1)"
ZZ385,수지중학교,"(ZZ574,1),(ZZ384,1)"
ZZ386,수지프라자.한국아파트,"(ZZ633,1),(ZZ621,1)"
ZZ387,수청초등학교앞,"(ZZ310,1),(ZZ451,1),(ZZ451,1),(ZZ310,2)"
ZZ388,숙지공원.화서동굿모닝힐.화서다산도서관,"(ZZ252,1),(ZZ656,1),(ZZ656,1),(ZZ252,1),(ZZ252,1),(ZZ656,1),(ZZ656,1),(ZZ252,1)"
ZZ389,신갈초교.신갈오거리,"(ZZ484,1),(ZZ283,1)"
ZZ390,신갈초등학교.신갈오거리,"(ZZ283,1),(ZZ485,1)"
ZZ391,신곡동,"(ZZ317,1),(ZZ222,1),(ZZ222,1),(ZZ313,1),(ZZ317,1),(ZZ222,1),(ZZ222,1),(ZZ313,1),(ZZ222,1),(ZZ313,1),(ZZ317,4),(ZZ222,1)"
ZZ392,신나무실아파트,"(ZZ240,2),(ZZ439,1),(ZZ440,1),(ZZ239,1),(ZZ240,1),(ZZ439,1),(ZZ440,1),(ZZ239,1),(ZZ555,1),(ZZ239,1),(ZZ240,1),(ZZ555,2)"
ZZ393,신도브레뉴아파트,"(ZZ113,1),(ZZ407,1)"
ZZ394,신동단독택지,"(ZZ394,1),(ZZ102,2),(ZZ237,1),(ZZ206,1),(ZZ207,1),(ZZ174,2),(ZZ207,1),(ZZ174,1),(ZZ237,1),(ZZ206,1)"
ZZ395,신동아파밀리에,"(ZZ518,1),(ZZ442,1)"
ZZ396,신동탄롯데캐슬,"(ZZ265,1),(ZZ396,2),(ZZ230,2),(ZZ396,1),(ZZ265,1),(ZZ230,1),(ZZ230,1),(ZZ265,1),(ZZ230,1),(ZZ265,1),(ZZ265,1),(ZZ230,1)"
ZZ397,신명아파트,"(ZZ397,1),(ZZ493,1),(ZZ563,1),(ZZ573,2)"
ZZ398,신미주아파트,"(ZZ515,1),(ZZ398,1),(ZZ637,2),(ZZ398,1),(ZZ642,1),(ZZ398,2),(ZZ398,1),(ZZ272,1),(ZZ642,1),(ZZ582,1)"
ZZ399,신안아파트,"(ZZ399,1),(ZZ562,1),(ZZ305,3),(ZZ293,3),(ZZ305,2),(ZZ293,1)"
ZZ400,신양아파트사거리,"(ZZ481,1),(ZZ450,1)"
ZZ401,신영통연대타운.두산위브,"(ZZ401,2),(ZZ192,1),(ZZ230,1),(ZZ185,1)"
ZZ402,신영통현대타운.두산위브,"(ZZ230,1),(ZZ402,1),(ZZ158,1),(ZZ402,1),(ZZ230,1),(ZZ185,1),(ZZ157,2),(ZZ230,3),(ZZ157,2),(ZZ230,2),(ZZ230,1),(ZZ185,1),(ZZ157,1),(ZZ230,1),(ZZ230,1),(ZZ185,1)"
ZZ403,신일유토빌정문,"(ZZ166,1),(ZZ403,1),(ZZ166,1),(ZZ446,1)"
ZZ404,신창미션힐.송화초교,"(ZZ461,2),(ZZ156,1)"
ZZ405,신촌마을2단지.포스홈타운,"(ZZ496,1),(ZZ245,1),(ZZ245,1),(ZZ496,1)"
ZZ406,신한미지엔아파트앞,"(ZZ416,1),(ZZ607,1),(ZZ607,1),(ZZ251,1)"
ZZ407,쌍용예가,"(ZZ407,1),(ZZ131,1),(ZZ393,1),(ZZ334,1),(ZZ630,1),(ZZ334,1)"
ZZ408,쌍우물택시쉼터,"(ZZ366,3),(ZZ651,1),(ZZ665,1),(ZZ367,2)"
ZZ409,아너스호텔,"(ZZ409,0),(ZZ231,1),(ZZ127,1),(ZZ228,1),(ZZ127,1),(ZZ229,1)"
ZZ410,아이파크7단지,"(ZZ495,2),(ZZ55,5),(ZZ55,2),(ZZ348,3)"
ZZ411,아주대.아주대학교병원,"(ZZ560,1),(ZZ411,1),(ZZ508,1),(ZZ504,1),(ZZ412,1),(ZZ415,1),(ZZ415,1),(ZZ412,1),(ZZ415,1),(ZZ560,1),(ZZ560,1),(ZZ415,1),(ZZ415,1),(ZZ560,1),(ZZ560,1),(ZZ415,1),(ZZ415,1),(ZZ560,1)"
ZZ412,아주대병원,"(ZZ375,1),(ZZ411,1),(ZZ411,1),(ZZ333,2)"
ZZ413,아주대삼거리,"(ZZ75,1),(ZZ76,1),(ZZ75,1),(ZZ76,1),(ZZ413,1),(ZZ215,1),(ZZ362,1),(ZZ210,1),(ZZ75,1),(ZZ76,1),(ZZ75,2),(ZZ76,2),(ZZ75,1),(ZZ76,1),(ZZ415,1),(ZZ76,1),(ZZ415,1),(ZZ76,1)"
ZZ414,아주대입구.우리은행,"(ZZ415,1),(ZZ414,1),(ZZ415,1),(ZZ470,1),(ZZ76,1),(ZZ470,1),(ZZ76,1),(ZZ470,1),(ZZ414,1),(ZZ471,1),(ZZ76,2),(ZZ470,2),(ZZ76,2),(ZZ470,2),(ZZ76,3),(ZZ470,2)"
ZZ415,아주대학교입구,"(ZZ411,1),(ZZ415,1),(ZZ344,1),(ZZ508,1),(ZZ411,1),(ZZ414,1),(ZZ504,1),(ZZ411,1),(ZZ76,1),(ZZ411,1),(ZZ411,1),(ZZ413,1),(ZZ76,1),(ZZ411,1),(ZZ411,1),(ZZ413,1),(ZZ76,1),(ZZ411,1)"
ZZ416,안녕동,"(ZZ336,1),(ZZ406,1)"
ZZ417,안용중학교.현충공원,"(ZZ244,2),(ZZ336,1)"
ZZ418,앞말,"(ZZ236,1),(ZZ292,1),(ZZ292,1),(ZZ236,1)"
ZZ419,양현마을.풍림아파트,"(ZZ18,1),(ZZ509,1),(ZZ509,1),(ZZ110,1)"
ZZ420,엘지아파트.금강아파트,"(ZZ634,1),(ZZ557,1),(ZZ494,1),(ZZ557,1),(ZZ494,3),(ZZ274,5),(ZZ274,3),(ZZ494,2)"
ZZ421,여권민원실.풍림아파트,"(ZZ370,1),(ZZ362,1),(ZZ362,1),(ZZ370,1),(ZZ370,1),(ZZ362,1),(ZZ362,1),(ZZ370,1),(ZZ370,1),(ZZ362,2)"
ZZ422,여기산공원.코오롱아파트(마을),"(ZZ81,1),(ZZ422,1)"
ZZ423,연무동,"(ZZ61,1),(ZZ362,1)"
ZZ424,연무시장입구.연무동문화센터,"(ZZ350,2),(ZZ424,1),(ZZ472,1),(ZZ424,1),(ZZ350,1),(ZZ362,1),(ZZ362,1),(ZZ21,1),(ZZ350,1),(ZZ362,1),(ZZ362,2),(ZZ21,1)"
ZZ425,연무중학교.써밋플레이스광교,"(ZZ66,1),(ZZ425,1),(ZZ371,1),(ZZ27,1),(ZZ64,1),(ZZ66,1)"
ZZ426,연세수요양병원.송죽희성연인아파트,"(ZZ426,1),(ZZ526,1),(ZZ184,1),(ZZ38,1),(ZZ184,1),(ZZ38,1)"
ZZ427,연원마을LG.벽산아파트.구성역,"(ZZ33,1),(ZZ109,1),(ZZ109,1),(ZZ33,1)"
ZZ428,영동시장,"(ZZ2,1),(ZZ428,1),(ZZ2,1),(ZZ595,1),(ZZ2,1),(ZZ595,1),(ZZ2,1),(ZZ595,1),(ZZ428,1),(ZZ594,1),(ZZ2,2),(ZZ17,2),(ZZ2,1),(ZZ595,3),(ZZ2,2),(ZZ595,4)"
ZZ429,영일중학교.수원출입국외국인청,"(ZZ42,2),(ZZ160,2),(ZZ260,1),(ZZ40,1)"
ZZ430,영통SK뷰아파트.라온프라이빗아파트,"(ZZ187,2),(ZZ433,1),(ZZ603,1),(ZZ332,1)"
ZZ431,영통구청,"(ZZ431,1),(ZZ207,1),(ZZ204,1),(ZZ466,1),(ZZ204,1),(ZZ466,1)"
ZZ432,영통구청.상지문고,"(ZZ432,1),(ZZ209,1),(ZZ211,1),(ZZ203,1),(ZZ211,1),(ZZ203,1)"
ZZ433,영통뜨란채아파트,"(ZZ430,1),(ZZ636,1)"
ZZ434,영통롯데아파트,"(ZZ443,2),(ZZ240,2),(ZZ443,1),(ZZ240,1),(ZZ188,1),(ZZ240,1)"
ZZ435,영통빌리지,"(ZZ442,2),(ZZ266,1),(ZZ442,1),(ZZ266,1),(ZZ442,1),(ZZ266,1)"
ZZ436,영통아이파크캐슬1단지.래미안영통마크원2단지,"(ZZ437,1),(ZZ436,1),(ZZ437,2),(ZZ234,2),(ZZ437,1),(ZZ234,1),(ZZ437,1),(ZZ234,1)"
ZZ437,영통아이파크캐슬2단지.래미안영통마크원1단지,"(ZZ351,1),(ZZ437,1),(ZZ345,1),(ZZ436,2),(ZZ345,1),(ZZ436,1),(ZZ351,1),(ZZ436,1)"
ZZ438,영통역,"(ZZ439,1),(ZZ568,2),(ZZ439,1),(ZZ568,1)"
ZZ439,영통역6번출구.영덕고등학교,"(ZZ392,1),(ZZ438,1),(ZZ392,1),(ZZ438,1),(ZZ555,2),(ZZ260,1)"
ZZ440,영통역7번출구.영덕고등학교,"(ZZ441,1),(ZZ392,1),(ZZ441,1),(ZZ392,1),(ZZ160,2),(ZZ555,2)"
ZZ441,영통역8번출구,"(ZZ667,1),(ZZ440,1),(ZZ667,1),(ZZ440,1)"
ZZ442,영통입구,"(ZZ662,1),(ZZ435,2),(ZZ604,1),(ZZ518,1),(ZZ395,1),(ZZ435,1),(ZZ662,1),(ZZ435,1)"
ZZ443,영통주공9단지,"(ZZ603,2),(ZZ434,2),(ZZ603,1),(ZZ434,1)"
ZZ444,영화공원,"(ZZ338,1),(ZZ238,1)"
ZZ445,예당고사거리,"(ZZ473,2),(ZZ600,4),(ZZ617,1),(ZZ528,2)"
ZZ446,예당예원초,"(ZZ403,1),(ZZ446,1),(ZZ473,1),(ZZ446,1),(ZZ403,1),(ZZ528,1),(ZZ473,1),(ZZ180,1)"
ZZ447,예솔초.호반2차.대원2차,"(ZZ331,1),(ZZ223,2)"
ZZ448,오목천주공아파트,"(ZZ565,1)"
ZZ449,오목초등학교,"(ZZ565,3)"
ZZ450,오산농협역전지점,"(ZZ400,1),(ZZ553,2)"
ZZ451,오산대역,"(ZZ387,1),(ZZ452,1),(ZZ452,1),(ZZ387,1)"
ZZ452,오산대역.물향기수목원,"(ZZ451,1),(ZZ140,1),(ZZ140,2),(ZZ451,1)"
ZZ453,오산시청.운암주공4단지,"(ZZ480,2),(ZZ479,1),(ZZ479,1),(ZZ481,2)"
ZZ454,오산장터,"(ZZ139,1),(ZZ456,1),(ZZ527,1),(ZZ139,1)"
ZZ455,오산터미널,"(ZZ553,1),(ZZ1,1)"
ZZ456,오색시장,"(ZZ454,1),(ZZ553,1),(ZZ553,1),(ZZ527,1)"
ZZ457,온누리교회,"(ZZ457,1),(ZZ540,1),(ZZ627,1),(ZZ182,1),(ZZ627,3),(ZZ182,1)"
ZZ458,와이씨티칠보마을6단지.LG빌리지1차아파트,"(ZZ624,1),(ZZ26,1),(ZZ26,2),(ZZ458,2),(ZZ26,2),(ZZ458,2)"
ZZ459,왕재고개,"(ZZ256,1),(ZZ532,1),(ZZ532,1),(ZZ256,1)"
ZZ460,외국어대학,"(ZZ40,1),(ZZ294,1)"
ZZ461,외삼미동,"(ZZ649,1),(ZZ323,1),(ZZ322,1),(ZZ404,2)"
ZZ462,용머리다리,"(ZZ281,1),(ZZ463,1),(ZZ605,1),(ZZ463,1)"
ZZ463,용머리앞,"(ZZ462,1),(ZZ606,1),(ZZ254,1),(ZZ606,1)"
ZZ464,용인운전면허시험장,"(ZZ509,1),(ZZ78,1),(ZZ30,1),(ZZ509,1)"
ZZ465,용인포은아트홀,"(ZZ176,1),(ZZ549,1)"
ZZ466,우남아파트,"(ZZ466,1),(ZZ174,1),(ZZ52,3),(ZZ597,3),(ZZ363,3),(ZZ597,3),(ZZ52,1),(ZZ597,1),(ZZ431,1),(ZZ102,1),(ZZ431,1),(ZZ102,1)"
ZZ467,우남퍼스트빌,"(ZZ282,1),(ZZ178,1),(ZZ599,2),(ZZ282,3)"
ZZ468,우림.대한아파트,"(ZZ48,1),(ZZ146,2),(ZZ47,1),(ZZ347,1)"
ZZ469,우만동4단지,"(ZZ424,1),(ZZ469,1),(ZZ362,1),(ZZ492,1)"
ZZ470,우만동선경아파트,"(ZZ414,1),(ZZ470,1),(ZZ414,1),(ZZ471,1),(ZZ414,1),(ZZ471,1),(ZZ414,1),(ZZ471,1),(ZZ470,1),(ZZ344,1),(ZZ414,2),(ZZ471,1),(ZZ414,2),(ZZ471,2),(ZZ414,2),(ZZ471,1)"
ZZ471,우만신성아파트,"(ZZ470,1),(ZZ471,1),(ZZ470,1),(ZZ344,1),(ZZ470,1),(ZZ344,1),(ZZ470,1),(ZZ344,1),(ZZ471,1),(ZZ159,1),(ZZ470,1),(ZZ344,2),(ZZ470,2),(ZZ344,2),(ZZ470,1),(ZZ344,1)"
ZZ472,우만주공4단지,"(ZZ20,1),(ZZ472,1)"
ZZ473,우미제일.전하리교회,"(ZZ615,1),(ZZ473,1),(ZZ615,1),(ZZ446,1),(ZZ615,2),(ZZ445,2)"
ZZ474,우방아파트,"(ZZ91,4),(ZZ585,1),(ZZ585,4),(ZZ298,3)"
ZZ475,우방아파트.한화아파트.SK아파트,"(ZZ475,1),(ZZ563,1),(ZZ149,1),(ZZ523,1),(ZZ523,1),(ZZ149,2),(ZZ523,1),(ZZ149,1),(ZZ149,1),(ZZ523,1)"
ZZ476,우성아파트,"(ZZ239,1),(ZZ74,1),(ZZ239,1),(ZZ74,1),(ZZ239,5),(ZZ101,2)"
ZZ477,운암주공1단지.운천중학교,"(ZZ479,1),(ZZ478,1)"
ZZ478,운암주공1단지후문,"(ZZ477,1),(ZZ482,1)"
ZZ479,운암주공2.3단지.운천고,"(ZZ453,1),(ZZ477,1),(ZZ482,1),(ZZ453,1)"
ZZ480,운암주공5단지,"(ZZ1,2),(ZZ453,2)"
ZZ481,운암주공5단지.운암중학교,"(ZZ453,2),(ZZ400,1)"
ZZ482,운천고교.운천초교,"(ZZ478,1),(ZZ479,1)"
ZZ483,웃거리,"(ZZ144,2),(ZZ86,1),(ZZ86,2),(ZZ144,1),(ZZ144,2),(ZZ86,1),(ZZ86,2),(ZZ144,3)"
ZZ484,원대마을,"(ZZ110,1),(ZZ389,1)"
ZZ485,원대마을.한신아파트,"(ZZ390,1),(ZZ110,1)"
ZZ486,원일초교,"(ZZ490,1),(ZZ488,1)"
ZZ487,원일초교.성일아파트,"(ZZ488,1),(ZZ490,1)"
ZZ488,원천레이크파크아파트,"(ZZ269,1),(ZZ487,1),(ZZ486,1),(ZZ269,1),(ZZ68,1),(ZZ269,1),(ZZ269,1),(ZZ68,1),(ZZ269,1),(ZZ68,1),(ZZ68,1),(ZZ269,1)"
ZZ489,원천삼성아파트,"(ZZ220,3),(ZZ490,2),(ZZ490,2),(ZZ220,2),(ZZ490,1),(ZZ220,1),(ZZ220,1),(ZZ490,1)"
ZZ490,원천주공1단지,"(ZZ487,1),(ZZ108,1),(ZZ107,1),(ZZ486,1),(ZZ489,2),(ZZ108,2),(ZZ107,1),(ZZ489,2),(ZZ107,1),(ZZ489,1),(ZZ489,1),(ZZ108,1)"
ZZ491,원천호수사거리.광교센트럴타운62단지,"(ZZ343,2),(ZZ491,1),(ZZ343,1),(ZZ61,1)"
ZZ492,월드컵경기장입구.우만아파트주공3단지,"(ZZ469,1),(ZZ492,1),(ZZ469,1),(ZZ20,1)"
ZZ493,율전성당.성균관대역,"(ZZ493,1),(ZZ306,1),(ZZ233,1),(ZZ304,1),(ZZ573,1),(ZZ304,1)"
ZZ494,율현중학교.녹색교통회관.꽃뫼버들코오롱아파트,"(ZZ511,1),(ZZ420,1),(ZZ81,2),(ZZ659,1),(ZZ634,2),(ZZ81,2),(ZZ81,3),(ZZ420,3),(ZZ420,2),(ZZ81,2)"
ZZ495,이마트,"(ZZ303,1),(ZZ495,1),(ZZ303,1),(ZZ348,1),(ZZ303,1),(ZZ348,1),(ZZ303,3),(ZZ410,2),(ZZ303,2),(ZZ348,3)"
ZZ496,이마트.삼성명가.성원아파트,"(ZZ109,1),(ZZ405,1),(ZZ405,1),(ZZ109,1)"
ZZ497,이목동.장안STX칸,"(ZZ498,1),(ZZ165,1),(ZZ498,1),(ZZ165,1),(ZZ235,2),(ZZ498,1),(ZZ498,1),(ZZ165,1)"
ZZ498,이목동.장안힐스테이트,"(ZZ497,1),(ZZ13,1),(ZZ497,1),(ZZ497,1),(ZZ13,1),(ZZ13,1),(ZZ497,1)"
ZZ499,이목동입구,"(ZZ556,2),(ZZ13,2),(ZZ556,2),(ZZ13,2)"
ZZ500,이목동차고지,"(ZZ556,2),(ZZ556,1),(ZZ165,1)"
ZZ501,이목동차고지.이목동입구,"(ZZ592,1),(ZZ592,1),(ZZ592,1)"
ZZ502,이의초중고교.광교호수마을호반써밋,"(ZZ290,2),(ZZ502,1),(ZZ290,1),(ZZ343,1)"
ZZ503,이주단지,"(ZZ503,1),(ZZ125,1),(ZZ19,1),(ZZ126,1),(ZZ126,1),(ZZ19,1),(ZZ19,1),(ZZ126,1)"
ZZ504,인계동동문굿모닝힐아파트,"(ZZ614,1),(ZZ344,1),(ZZ508,1),(ZZ415,1),(ZZ508,1),(ZZ75,1),(ZZ508,1),(ZZ75,1),(ZZ504,1),(ZZ413,1),(ZZ508,2),(ZZ75,2),(ZZ508,1),(ZZ75,1),(ZZ508,1),(ZZ75,1)"
ZZ505,인계동파밀리에아파트,"(ZZ507,2),(ZZ17,2),(ZZ193,1),(ZZ506,1),(ZZ507,4),(ZZ17,2),(ZZ193,2),(ZZ506,1),(ZZ193,1),(ZZ506,1),(ZZ507,2),(ZZ193,3)"
ZZ506,인계동행정복지센터.KBS수원센터,"(ZZ505,1),(ZZ124,1),(ZZ505,1),(ZZ124,1),(ZZ505,1),(ZZ124,1)"
ZZ507,인계동행정복지센터.KBS수원센터.경기도노인회관,"(ZZ161,1),(ZZ505,2),(ZZ161,3),(ZZ505,4),(ZZ161,2),(ZZ505,2)"
ZZ508,인계선경아파트,"(ZZ307,1),(ZZ614,1),(ZZ344,1),(ZZ504,1),(ZZ344,1),(ZZ504,1),(ZZ344,1),(ZZ504,1),(ZZ508,1),(ZZ75,1),(ZZ344,2),(ZZ504,2),(ZZ344,1),(ZZ504,1),(ZZ344,1),(ZZ504,1)"
ZZ509,인성마을.현대아파트,"(ZZ419,1),(ZZ464,1),(ZZ464,1),(ZZ419,1)"
ZZ510,일월도서관.율천고등학교,"(ZZ4,1),(ZZ327,1)"
ZZ511,일월도서관.청구아파트후문,"(ZZ566,1),(ZZ494,1)"
ZZ512,일진전기앞,"(ZZ148,1),(ZZ236,1),(ZZ236,1),(ZZ148,1)"
ZZ513,임광아파트,"(ZZ36,2),(ZZ213,2),(ZZ36,2),(ZZ213,2),(ZZ36,2),(ZZ213,2)"
ZZ514,임광아파트.야외음악당,"(ZZ37,2),(ZZ36,3),(ZZ37,2),(ZZ36,4),(ZZ37,1),(ZZ36,1)"
ZZ515,자목마을입구.한양수자인파크원아파트,"(ZZ10,2),(ZZ515,1),(ZZ10,1),(ZZ26,1),(ZZ26,1),(ZZ515,1),(ZZ26,2),(ZZ515,1),(ZZ515,1),(ZZ398,1),(ZZ26,2),(ZZ642,2),(ZZ578,1),(ZZ623,2)"
ZZ516,자연앤자이아파트.중흥S클래스,"(ZZ380,1),(ZZ631,2)"
ZZ517,자유총연맹,"(ZZ213,1),(ZZ262,1),(ZZ213,1),(ZZ262,1),(ZZ215,4),(ZZ37,2),(ZZ213,2),(ZZ262,2),(ZZ215,1),(ZZ37,1),(ZZ213,1),(ZZ262,1),(ZZ215,1),(ZZ37,2),(ZZ213,1),(ZZ214,2),(ZZ34,1),(ZZ37,1)"
ZZ518,잔다리마을.이영미술관,"(ZZ442,1),(ZZ572,1),(ZZ572,2),(ZZ395,1)"
ZZ519,장미아파트.버드내도서관,"(ZZ318,1),(ZZ316,1),(ZZ318,1),(ZZ316,1)"
ZZ520,장안고등학교,"(ZZ536,1),(ZZ29,1),(ZZ29,1),(ZZ535,1)"
ZZ521,장안공원,"(ZZ525,1),(ZZ613,1),(ZZ652,1),(ZZ374,1),(ZZ652,1),(ZZ524,1),(ZZ652,3),(ZZ374,3),(ZZ525,3),(ZZ613,2)"
ZZ522,장안구청,"(ZZ340,1),(ZZ522,1),(ZZ541,1),(ZZ522,1),(ZZ526,1),(ZZ545,1),(ZZ541,1),(ZZ627,1),(ZZ526,1),(ZZ545,1),(ZZ541,2),(ZZ627,3)"
ZZ523,장안등기소.성우아파트,"(ZZ523,1),(ZZ397,1),(ZZ475,1),(ZZ563,2),(ZZ562,1),(ZZ475,1),(ZZ562,1),(ZZ475,1),(ZZ475,1),(ZZ563,1)"
ZZ524,장안문,"(ZZ6,1),(ZZ374,1),(ZZ595,2),(ZZ525,1),(ZZ525,1),(ZZ9,1),(ZZ525,1),(ZZ9,1),(ZZ524,1),(ZZ344,1),(ZZ521,1),(ZZ73,1),(ZZ525,3),(ZZ9,2),(ZZ525,2),(ZZ337,1)"
ZZ525,장안문.수원전통문화관,"(ZZ16,1),(ZZ594,2),(ZZ594,1),(ZZ524,1),(ZZ594,1),(ZZ524,1),(ZZ594,1),(ZZ521,1),(ZZ525,1),(ZZ9,1),(ZZ594,3),(ZZ521,3),(ZZ594,3),(ZZ524,3),(ZZ594,2),(ZZ524,2)"
ZZ526,장안지하차도.수원KT위즈파크,"(ZZ38,1),(ZZ341,1),(ZZ38,1),(ZZ341,1),(ZZ526,1),(ZZ376,1),(ZZ38,1),(ZZ522,1),(ZZ38,1),(ZZ522,1)"
ZZ527,재래시장앞,"(ZZ456,1),(ZZ454,1)"
ZZ528,전하리교회.우미제일,"(ZZ446,1),(ZZ528,1),(ZZ446,1),(ZZ615,2),(ZZ445,2),(ZZ615,2)"
ZZ529,정남농협,"(ZZ532,1),(ZZ531,1),(ZZ530,1),(ZZ532,1)"
ZZ530,정남도서관,"(ZZ531,1),(ZZ529,1)"
ZZ531,정남초등학교,"(ZZ529,1),(ZZ150,1),(ZZ150,1),(ZZ530,1)"
ZZ532,정남파출소,"(ZZ459,1),(ZZ529,1),(ZZ529,1),(ZZ459,1)"
ZZ533,정자2동주민센터,"(ZZ538,1),(ZZ147,1)"
ZZ534,정자2동주민센터.수성고등학교,"(ZZ147,1),(ZZ537,1)"
ZZ535,정자3동행정복지센터.정자동중심상가,"(ZZ274,4),(ZZ142,2),(ZZ142,3),(ZZ274,4),(ZZ520,1),(ZZ603,1)"
ZZ536,정자3동행정복지센터.정자동중심상가.고속성지아파트,"(ZZ603,1),(ZZ520,1)"
ZZ537,정자사거리,"(ZZ534,1),(ZZ539,1)"
ZZ538,정자사거리.수성고등학교,"(ZZ539,1),(ZZ533,1)"
ZZ539,정자종합시장,"(ZZ658,1),(ZZ539,1),(ZZ278,1),(ZZ539,1),(ZZ658,1),(ZZ538,1),(ZZ537,1),(ZZ170,2),(ZZ658,1),(ZZ277,1),(ZZ278,1),(ZZ170,1)"
ZZ540,정자초교사거리,"(ZZ540,1),(ZZ142,1),(ZZ163,1),(ZZ184,1),(ZZ182,1),(ZZ163,1),(ZZ603,1),(ZZ184,1),(ZZ182,1),(ZZ603,1)"
ZZ541,조원1동,"(ZZ546,1),(ZZ541,1),(ZZ546,2),(ZZ626,3),(ZZ546,1),(ZZ522,1),(ZZ546,1),(ZZ522,2)"
ZZ542,조원2동주민센터,"(ZZ543,2),(ZZ545,2)"
ZZ543,조원고등학교,"(ZZ626,2),(ZZ544,2),(ZZ542,2)"
ZZ544,조원뉴타운,"(ZZ543,2),(ZZ543,2)"
ZZ545,조원동,"(ZZ522,1),(ZZ545,1),(ZZ542,2),(ZZ546,1),(ZZ522,1),(ZZ546,1),(ZZ522,1),(ZZ546,1)"
ZZ546,조원시장,"(ZZ545,1),(ZZ546,1),(ZZ547,1),(ZZ546,1),(ZZ547,1),(ZZ541,2),(ZZ545,1),(ZZ547,1),(ZZ545,1),(ZZ547,1),(ZZ547,1),(ZZ541,1),(ZZ545,1),(ZZ547,1),(ZZ547,1),(ZZ541,1)"
ZZ547,조원시장입구,"(ZZ546,1),(ZZ547,2),(ZZ238,1),(ZZ547,1),(ZZ238,1),(ZZ546,1),(ZZ546,1),(ZZ238,3),(ZZ546,1),(ZZ350,1),(ZZ238,1),(ZZ546,1),(ZZ546,1),(ZZ350,1),(ZZ238,1),(ZZ546,1)"
ZZ548,죽미마을입구,"(ZZ325,1),(ZZ311,1),(ZZ311,1),(ZZ325,1)"
ZZ549,죽전역.수지레스피아.죽전2동행정복지센터.신세계경기점,"(ZZ465,1),(ZZ551,2)"
ZZ550,죽전역.포은아트홀.죽전2동행정복지센터.신세계경기점,"(ZZ551,1),(ZZ176,2)"
ZZ551,죽현마을.단국대학교입구,"(ZZ270,1),(ZZ550,1),(ZZ549,2),(ZZ270,1)"
ZZ552,중소기업은행,"(ZZ214,1),(ZZ360,2),(ZZ214,1),(ZZ360,2),(ZZ214,1),(ZZ360,1)"
ZZ553,중원사거리,"(ZZ456,1),(ZZ455,1),(ZZ450,2),(ZZ456,1)"
ZZ554,중흥S클래스.자연앤자이아파트,"(ZZ631,2),(ZZ380,1)"
ZZ555,지역난방공사.신나무실쌍용아파트,"(ZZ440,2),(ZZ136,2),(ZZ136,3),(ZZ439,2),(ZZ136,1),(ZZ392,1),(ZZ392,2),(ZZ136,2)"
ZZ556,지지대교차로,"(ZZ31,1),(ZZ500,2),(ZZ31,2),(ZZ500,1),(ZZ165,2),(ZZ499,2),(ZZ592,1),(ZZ499,2)"
ZZ557,진흥.천천푸르지오아파트,"(ZZ420,1),(ZZ558,2),(ZZ420,1),(ZZ558,1)"
ZZ558,진흥아파트,"(ZZ557,2),(ZZ634,1),(ZZ111,1),(ZZ564,1),(ZZ557,1),(ZZ634,1)"
ZZ559,차세대융합기술연구원.푸르지오월드마크,"(ZZ24,3),(ZZ559,2),(ZZ24,1),(ZZ64,1)"
ZZ560,창현고교.아주대학교.유신고교,"(ZZ666,1),(ZZ560,1),(ZZ504,1),(ZZ415,1),(ZZ411,1),(ZZ666,1),(ZZ666,1),(ZZ411,1),(ZZ411,1),(ZZ666,1),(ZZ666,1),(ZZ411,1),(ZZ411,1),(ZZ666,1)"
ZZ561,천일초교,"(ZZ563,3)"
ZZ562,천천중학교,"(ZZ562,1),(ZZ426,1),(ZZ293,3),(ZZ523,1),(ZZ293,1),(ZZ523,1)"
ZZ563,천천초교.천천고교,"(ZZ563,1),(ZZ573,1),(ZZ523,2),(ZZ561,3),(ZZ523,1),(ZZ397,1)"
ZZ564,천천푸르지오,"(ZZ558,1),(ZZ4,1)"
ZZ565,청구1차아파트,"(ZZ1,3),(ZZ171,3),(ZZ171,3),(ZZ448,1)"
ZZ566,청구아파트,"(ZZ81,1),(ZZ511,1)"
ZZ567,청명역1번출구.청명산,"(ZZ568,1),(ZZ663,2),(ZZ568,1),(ZZ663,1)"
ZZ568,청명역3번출구,"(ZZ438,2),(ZZ567,1),(ZZ438,1),(ZZ567,1)"
ZZ569,청명역4번출구,"(ZZ570,1),(ZZ667,1),(ZZ570,1),(ZZ667,1)"
ZZ570,청명역6번출구.황골주공1단지,"(ZZ664,1),(ZZ569,1),(ZZ664,1),(ZZ569,1)"
ZZ571,청와.쌍용.그대가센트럴파크아파트,"(ZZ192,1),(ZZ571,2),(ZZ332,1),(ZZ191,1),(ZZ332,1),(ZZ191,1),(ZZ571,3),(ZZ186,1),(ZZ192,1),(ZZ191,1),(ZZ192,2),(ZZ191,1),(ZZ192,1),(ZZ188,1),(ZZ192,1),(ZZ191,1)"
ZZ572,청현마을.수원신갈IC,"(ZZ518,1),(ZZ283,1),(ZZ283,1),(ZZ518,2)"
ZZ573,체육고교.신안아파트,"(ZZ573,1),(ZZ304,1),(ZZ397,2),(ZZ493,1)"
ZZ574,초입마을.삼익풍림동아아파트,"(ZZ602,2),(ZZ385,1)"
ZZ575,축산물유통센터.수원아이파크4단지,"(ZZ276,1),(ZZ89,1),(ZZ276,2),(ZZ622,3),(ZZ276,3),(ZZ622,3),(ZZ276,1),(ZZ622,1),(ZZ276,1),(ZZ622,2)"
ZZ576,축산물유통센터입구,"(ZZ622,1),(ZZ275,1),(ZZ622,2),(ZZ275,2),(ZZ622,2),(ZZ275,1),(ZZ622,1),(ZZ275,1),(ZZ622,1),(ZZ275,1)"
ZZ577,칠보고등학교.칠보중학교.극동스타클래스,"(ZZ106,1),(ZZ577,1),(ZZ106,1),(ZZ15,1),(ZZ15,1),(ZZ577,1),(ZZ577,1),(ZZ12,1),(ZZ15,1),(ZZ219,1),(ZZ15,1),(ZZ644,1)"
ZZ578,칠보마을7단지,"(ZZ624,1),(ZZ644,1),(ZZ644,1),(ZZ515,1)"
ZZ579,칠보마을8단지.수원KT소닉붐아레나.서수원칠보체육관,"(ZZ645,1),(ZZ581,1),(ZZ581,1),(ZZ579,1),(ZZ581,1),(ZZ106,1)"
ZZ580,칠보입구,"(ZZ83,2),(ZZ580,2),(ZZ83,2),(ZZ646,1),(ZZ106,1),(ZZ650,2),(ZZ646,2),(ZZ580,1),(ZZ637,1),(ZZ580,2),(ZZ646,4),(ZZ271,3),(ZZ647,2),(ZZ646,4),(ZZ105,5)"
ZZ581,칠보중학교.칠보고등학교.극동스타클래스,"(ZZ11,1),(ZZ645,1),(ZZ645,2),(ZZ581,1),(ZZ644,1),(ZZ579,1)"
ZZ582,칠보초등학교,"(ZZ642,1),(ZZ582,1),(ZZ582,1),(ZZ647,1),(ZZ398,1),(ZZ272,2)"
ZZ583,코오롱아파트.여기산공원(마을),"(ZZ655,1),(ZZ583,1)"
ZZ584,탄요유적공원,"(ZZ114,1),(ZZ217,1),(ZZ114,1),(ZZ168,1)"
ZZ585,탑골1길,"(ZZ474,1),(ZZ586,1),(ZZ588,1),(ZZ474,4)"
ZZ586,탑동사거리,"(ZZ585,1),(ZZ35,1)"
ZZ587,탑동우방아파트,"(ZZ91,4),(ZZ84,2),(ZZ84,4),(ZZ298,4)"
ZZ588,탑동입구,"(ZZ35,1),(ZZ585,1)"
ZZ589,탑동초등학교.삼성아파트,"(ZZ144,1),(ZZ589,1),(ZZ647,2),(ZZ589,1),(ZZ144,1),(ZZ87,1),(ZZ647,1),(ZZ83,1),(ZZ87,1),(ZZ589,1),(ZZ83,1),(ZZ589,1),(ZZ87,2),(ZZ83,2),(ZZ83,1),(ZZ87,2)"
ZZ590,태장면고개,"(ZZ98,1),(ZZ379,1),(ZZ196,1),(ZZ99,1),(ZZ98,1),(ZZ379,1),(ZZ196,1),(ZZ99,1)"
ZZ591,태장초등학교,"(ZZ101,1),(ZZ591,1),(ZZ591,1),(ZZ268,1),(ZZ101,1),(ZZ158,1),(ZZ101,2),(ZZ192,1),(ZZ101,2),(ZZ192,2),(ZZ101,1),(ZZ192,1)"
ZZ592,파장동북부차고지,"(ZZ501,1),(ZZ31,2),(ZZ501,1),(ZZ31,2),(ZZ501,1),(ZZ556,1)"
ZZ593,파장초등학교.SKC,"(ZZ151,1),(ZZ13,2),(ZZ151,1),(ZZ13,1),(ZZ151,1),(ZZ13,1)"
ZZ594,팔달구청.화성행궁.수원성지,"(ZZ632,2),(ZZ595,1),(ZZ595,1),(ZZ525,1),(ZZ595,1),(ZZ525,1),(ZZ595,1),(ZZ525,1),(ZZ594,1),(ZZ524,1),(ZZ595,3),(ZZ525,3),(ZZ595,3),(ZZ525,3),(ZZ595,2),(ZZ525,2)"
ZZ595,팔달문,"(ZZ660,2),(ZZ17,2),(ZZ326,2),(ZZ16,2),(ZZ428,1),(ZZ193,1),(ZZ193,1),(ZZ118,1),(ZZ660,2),(ZZ193,2),(ZZ193,1),(ZZ594,1),(ZZ428,1),(ZZ594,1),(ZZ428,1),(ZZ594,1),(ZZ595,1),(ZZ525,1),(ZZ428,3),(ZZ594,3),(ZZ428,4),(ZZ594,3),(ZZ193,3),(ZZ594,2)"
ZZ596,팔달문.수원백병원,"(ZZ660,1),(ZZ118,1),(ZZ660,1),(ZZ118,1),(ZZ660,3),(ZZ118,4),(ZZ660,2),(ZZ118,3),(ZZ660,1),(ZZ193,1)"
ZZ597,평생교육학습관.남수원중학교,"(ZZ466,3),(ZZ36,2),(ZZ466,3),(ZZ36,2),(ZZ466,1),(ZZ36,1)"
ZZ598,평생교육학습관.남수원중학교.온수골,"(ZZ36,2),(ZZ141,2),(ZZ36,2),(ZZ141,2),(ZZ36,2),(ZZ141,1)"
ZZ599,포스코더샵.롯데캐슬,"(ZZ628,2),(ZZ467,2)"
ZZ600,푸르지오.한미약품,"(ZZ445,4),(ZZ282,3)"
ZZ601,푸르지오월드마크.차세대융합기술연구원,"(ZZ63,2),(ZZ601,3)"
ZZ602,풍덕천1동행정복지센터,"(ZZ621,1),(ZZ574,2)"
ZZ603,풍림아파트,"(ZZ636,1),(ZZ443,2),(ZZ14,1),(ZZ430,1),(ZZ636,1),(ZZ443,1),(ZZ603,1),(ZZ149,1),(ZZ163,2),(ZZ536,1),(ZZ535,1),(ZZ163,1),(ZZ142,1),(ZZ540,1),(ZZ540,1),(ZZ142,1)"
ZZ604,프리미엄아울렛,"(ZZ266,1),(ZZ661,1),(ZZ266,1),(ZZ442,1),(ZZ266,1),(ZZ661,1)"
ZZ605,하광교,"(ZZ606,1),(ZZ254,1),(ZZ58,1),(ZZ254,1)"
ZZ606,하광교느티나무,"(ZZ463,1),(ZZ605,1),(ZZ221,1),(ZZ605,1)"
ZZ607,한강CM,"(ZZ406,1),(ZZ148,1),(ZZ148,1),(ZZ406,1)"
ZZ608,한국2차아파트,"(ZZ205,1),(ZZ258,1),(ZZ205,1),(ZZ258,1),(ZZ205,1),(ZZ258,1)"
ZZ609,한국2차아파트.산남중학교,"(ZZ103,1),(ZZ205,1),(ZZ103,2),(ZZ205,1),(ZZ103,1),(ZZ205,1)"
ZZ610,한국가스안전공사,"(ZZ249,1),(ZZ382,1),(ZZ249,1),(ZZ382,1)"
ZZ611,한국가스안전공사.택시공제조합,"(ZZ383,1),(ZZ273,1),(ZZ383,1),(ZZ273,1)"
ZZ612,한국산업인력공단,"(ZZ299,4),(ZZ618,1),(ZZ618,3),(ZZ299,3)"
ZZ613,한국은행,"(ZZ521,1),(ZZ653,1),(ZZ6,1),(ZZ364,1),(ZZ521,2),(ZZ653,1)"
ZZ614,한국전력경기사업본부.한라시그마팰리스,"(ZZ118,1),(ZZ2,1),(ZZ307,1),(ZZ344,2),(ZZ307,1),(ZZ344,1),(ZZ307,1),(ZZ344,1),(ZZ614,1),(ZZ504,1),(ZZ307,2),(ZZ344,2),(ZZ307,1),(ZZ344,1),(ZZ307,3),(ZZ344,2)"
ZZ615,한림대병원(중),"(ZZ528,1),(ZZ615,2),(ZZ5,2),(ZZ615,1),(ZZ528,2),(ZZ5,3),(ZZ5,3),(ZZ473,1),(ZZ5,3),(ZZ473,2),(ZZ528,2),(ZZ5,3)"
ZZ616,한마음외과,"(ZZ96,1),(ZZ363,1),(ZZ312,1),(ZZ348,2)"
ZZ617,한미약품.푸르지오,"(ZZ282,2),(ZZ445,1)"
ZZ618,한봄고등학교,"(ZZ612,1),(ZZ90,1),(ZZ90,1),(ZZ612,3)"
ZZ619,한빛마을(중),"(ZZ619,2),(ZZ503,1),(ZZ217,1),(ZZ19,1),(ZZ217,1),(ZZ19,1)"
ZZ620,한빛마을.석우중학교(중),"(ZZ620,1),(ZZ115,1),(ZZ308,1),(ZZ287,1),(ZZ19,1),(ZZ217,1)"
ZZ621,한성아파트.한국아파트.현대1차아파트,"(ZZ386,1),(ZZ602,1),(ZZ261,1),(ZZ633,1)"
ZZ622,한솔아파트.한림도서관,"(ZZ50,1),(ZZ576,1),(ZZ50,2),(ZZ576,2),(ZZ575,3),(ZZ89,1),(ZZ50,3),(ZZ576,2),(ZZ575,3),(ZZ89,1),(ZZ50,1),(ZZ576,1),(ZZ575,1),(ZZ89,1),(ZZ575,2),(ZZ50,2),(ZZ576,1)"
ZZ623,한양수자인파크원아파트.금호초등학교,"(ZZ26,1),(ZZ515,1),(ZZ515,1),(ZZ623,1),(ZZ515,2),(ZZ353,1)"
ZZ624,한양수자인파크원아파트.자목마을입구,"(ZZ639,1),(ZZ372,1),(ZZ642,1),(ZZ624,3),(ZZ372,2),(ZZ624,3),(ZZ373,1),(ZZ578,1)"
ZZ625,한양아파트,"(ZZ348,1),(ZZ312,1),(ZZ348,1),(ZZ312,1)"
ZZ626,한일타운,"(ZZ541,3),(ZZ543,2)"
ZZ627,한일타운.경기일보.홈플러스,"(ZZ340,1),(ZZ381,1),(ZZ340,1),(ZZ381,1),(ZZ627,1),(ZZ182,1),(ZZ522,1),(ZZ457,1),(ZZ522,3),(ZZ457,3)"
ZZ628,한화.린스트라우스,"(ZZ630,2),(ZZ599,2)"
ZZ629,한화.호반.대원,"(ZZ630,3),(ZZ179,2),(ZZ648,2),(ZZ630,2)"
ZZ630,한화꿈에그린,"(ZZ407,1),(ZZ181,3),(ZZ629,3),(ZZ629,2),(ZZ628,2)"
ZZ631,합동신학대학원,"(ZZ516,2),(ZZ333,1),(ZZ333,1),(ZZ554,2)"
ZZ632,향교.팔달보건소.중앙침례교회,"(ZZ17,1),(ZZ326,1),(ZZ367,2),(ZZ326,1),(ZZ17,1),(ZZ632,1),(ZZ367,1),(ZZ200,1),(ZZ17,1),(ZZ326,2),(ZZ326,1),(ZZ16,1),(ZZ17,2),(ZZ326,3),(ZZ326,3),(ZZ16,3),(ZZ17,1),(ZZ326,2),(ZZ326,2),(ZZ16,2)"
ZZ633,현대그린프라자,"(ZZ154,1),(ZZ386,1),(ZZ621,1),(ZZ154,1)"
ZZ634,현대모닝아파트,"(ZZ655,1),(ZZ420,1),(ZZ558,1),(ZZ655,1),(ZZ558,1),(ZZ655,1),(ZZ655,1),(ZZ494,2)"
ZZ635,현대홈타운,"(ZZ138,1),(ZZ636,1),(ZZ14,1),(ZZ138,1)"
ZZ636,현대홈타운.풍림아파트,"(ZZ433,1),(ZZ603,1),(ZZ635,1),(ZZ603,1)"
ZZ637,호매실GS아파트,"(ZZ580,1),(ZZ637,2),(ZZ398,2),(ZZ637,1)"
ZZ638,호매실더센트라고아파트.모아미래도아파트,"(ZZ11,2),(ZZ638,2)"
ZZ639,호매실마을13단지.수원시보훈회관,"(ZZ130,1),(ZZ640,4),(ZZ640,1),(ZZ639,2),(ZZ640,1),(ZZ373,1)"
ZZ640,호매실마을14단지.장애인종합복지관,"(ZZ623,4),(ZZ353,1),(ZZ128,1),(ZZ130,1),(ZZ130,1),(ZZ640,1),(ZZ353,1),(ZZ640,1),(ZZ130,1),(ZZ639,1),(ZZ353,1),(ZZ130,3)"
ZZ641,호매실스위첸19단지.능실마을22단지,"(ZZ643,1),(ZZ641,1),(ZZ130,1),(ZZ641,1),(ZZ643,3),(ZZ128,4),(ZZ128,2),(ZZ643,1)"
ZZ642,호매실쌍용아파트,"(ZZ26,1),(ZZ642,1),(ZZ398,1),(ZZ642,1),(ZZ515,1),(ZZ642,1),(ZZ642,1),(ZZ582,1),(ZZ515,2),(ZZ398,1)"
ZZ643,호매실엔루체,"(ZZ129,2),(ZZ643,1),(ZZ641,1),(ZZ643,1),(ZZ129,1),(ZZ641,3),(ZZ641,1),(ZZ129,1)"
ZZ644,호매실역서희스타힐스,"(ZZ578,1),(ZZ581,1),(ZZ577,1),(ZZ578,1)"
ZZ645,호매실역서희스타힐스.모아미래도아파트,"(ZZ458,1),(ZZ11,1),(ZZ11,1),(ZZ645,2)"
ZZ646,호매실입구(구운동),"(ZZ589,1),(ZZ646,2),(ZZ589,1),(ZZ83,2),(ZZ83,1),(ZZ646,2),(ZZ83,1),(ZZ580,4),(ZZ84,2),(ZZ580,4)"
ZZ647,호매실입구(탑동),"(ZZ582,3),(ZZ647,2),(ZZ650,2),(ZZ580,1),(ZZ580,2),(ZZ647,1),(ZZ647,1),(ZZ79,1),(ZZ272,3),(ZZ83,2),(ZZ580,2),(ZZ84,2)"
ZZ648,호반베르디움.롯데캐슬,"(ZZ223,2),(ZZ629,2)"
ZZ649,홈플러스.벌말초교,"(ZZ242,1),(ZZ461,1)"
ZZ650,홈플러스서수원점,"(ZZ105,1),(ZZ650,1),(ZZ646,1),(ZZ580,1),(ZZ579,1),(ZZ106,1),(ZZ106,2),(ZZ650,1),(ZZ82,4),(ZZ650,1),(ZZ650,1),(ZZ15,1),(ZZ271,1),(ZZ106,1),(ZZ106,3),(ZZ105,4),(ZZ271,1),(ZZ106,1)"
ZZ651,화서1동주민센터,"(ZZ408,1),(ZZ665,1)"
ZZ652,화서문.장안공원,"(ZZ653,1),(ZZ521,1),(ZZ653,1),(ZZ521,1),(ZZ653,2),(ZZ521,3)"
ZZ653,화서문로터리,"(ZZ613,1),(ZZ104,1),(ZZ104,1),(ZZ652,1),(ZZ104,1),(ZZ652,1),(ZZ104,1),(ZZ652,2),(ZZ613,1),(ZZ104,1)"
ZZ654,화서시장,"(ZZ241,1),(ZZ657,1),(ZZ657,1),(ZZ241,1)"
ZZ655,화서역.화서2동주민센터,"(ZZ422,1),(ZZ655,1),(ZZ656,1),(ZZ655,1),(ZZ656,2),(ZZ634,1),(ZZ634,1),(ZZ656,2),(ZZ656,1),(ZZ111,1),(ZZ634,1),(ZZ656,1),(ZZ659,1),(ZZ656,2),(ZZ656,1),(ZZ634,1)"
ZZ656,화서역.화서주공3단지,"(ZZ655,1),(ZZ656,2),(ZZ170,2),(ZZ656,1),(ZZ388,1),(ZZ655,2),(ZZ655,2),(ZZ388,1),(ZZ388,1),(ZZ655,1),(ZZ655,1),(ZZ388,1),(ZZ655,2),(ZZ658,1),(ZZ170,2),(ZZ655,1)"
ZZ657,화서오거리,"(ZZ665,1),(ZZ252,1),(ZZ252,1),(ZZ665,1),(ZZ654,1),(ZZ252,1),(ZZ252,1),(ZZ654,1)"
ZZ658,화서위브하늘채,"(ZZ656,2),(ZZ658,1),(ZZ656,1),(ZZ539,1),(ZZ29,1),(ZZ539,1)"
ZZ659,화서푸르지오,"(ZZ494,1),(ZZ655,1)"
ZZ660,화성행궁,"(ZZ374,1),(ZZ595,2),(ZZ374,1),(ZZ595,2),(ZZ374,1),(ZZ596,1),(ZZ374,1),(ZZ596,1),(ZZ660,1),(ZZ614,1),(ZZ374,2),(ZZ596,3),(ZZ374,2),(ZZ596,2),(ZZ374,1),(ZZ596,1)"
ZZ661,황골마을,"(ZZ604,1),(ZZ664,1),(ZZ604,1),(ZZ664,1)"
ZZ662,황골벽산아파트,"(ZZ663,1),(ZZ442,1),(ZZ663,1),(ZZ442,1)"
ZZ663,황골쌍용아파트,"(ZZ567,2),(ZZ662,1),(ZZ567,1),(ZZ662,1)"
ZZ664,황골주공.벽산아파트,"(ZZ661,1),(ZZ570,1),(ZZ661,1),(ZZ570,1)"
ZZ665,황제연립,"(ZZ651,1),(ZZ657,1),(ZZ657,1),(ZZ408,1)"
ZZ666,효성초등학교,"(ZZ371,1),(ZZ666,1),(ZZ415,1),(ZZ411,1),(ZZ560,1),(ZZ370,1),(ZZ370,1),(ZZ560,1),(ZZ560,1),(ZZ370,1),(ZZ370,1),(ZZ560,1),(ZZ560,1),(ZZ370,1)"
ZZ667,훼미리타워,"(ZZ569,1),(ZZ441,1),(ZZ569,1),(ZZ441,1)"
